heartRateAvg,respiratoryRateAvg,soundLevelAvg,snoreDetected,totalEvents,sleepHours,iah,bmi,riskLevel
70.4,15.0,66.0,1,72,7.9,12.01,27.1,Alto
77.4,15.5,63.8,1,138,4.8,41.29,31.6,Alto
80.9,13.8,55.9,1,177,6.4,32.96,30.1,Alto
55.5,13.7,41.9,0,27,8.1,4.33,19.1,Bajo
70.8,19.6,52.0,0,187,7.3,39.36,21.2,Alto
65.1,18.8,62.8,1,150,6.1,29.82,24.9,Alto
95.1,12.8,71.2,1,183,7.8,35.96,32.0,Alto
66.3,16.2,54.3,1,13,7.6,2.2,31.7,Moderado
69.8,16.8,72.5,1,78,4.6,27.58,26.1,Alto
54.8,14.4,33.4,0,7,5.0,2.53,26.7,Bajo
63.9,16.8,35.7,0,3,7.2,0.62,28.3,Bajo
87.1,17.1,73.5,1,248,7.1,36.9,23.7,Alto
73.8,14.1,62.0,1,56,5.7,11.96,31.0,Alto
56.5,13.6,39.0,0,24,6.5,4.71,28.6,Moderado
68.8,13.9,64.0,1,54,6.1,13.33,29.2,Alto
58.7,14.4,43.4,0,37,7.0,7.0,22.4,Moderado
64.6,16.3,54.7,0,34,5.1,8.55,25.9,Moderado
63.5,15.0,50.3,0,66,6.1,11.57,16.5,Moderado
65.2,12.6,73.0,1,45,6.7,10.43,29.6,Alto
65.5,13.9,45.0,0,33,8.0,4.24,24.5,Bajo
72.8,22.8,57.1,1,221,8.5,28.03,33.7,Alto
88.9,17.7,60.4,1,234,7.0,44.96,33.6,Alto
68.6,15.1,35.2,0,10,5.9,2.88,30.5,Moderado
52.3,18.0,65.8,1,65,5.7,14.3,29.5,Alto
53.4,11.8,36.0,0,39,7.6,8.04,26.9,Moderado
71.2,16.2,35.0,0,18,5.6,3.92,33.6,Moderado
74.5,14.5,63.2,1,16,7.0,2.43,29.2,Moderado
67.1,14.9,37.8,0,14,6.5,2.83,25.9,Bajo
63.2,12.2,25.0,0,61,5.1,14.26,22.7,Moderado
49.3,17.8,38.7,0,17,6.9,2.95,22.7,Bajo
61.1,11.0,48.7,1,71,7.9,9.37,23.7,Moderado
60.6,12.4,39.6,0,16,7.6,2.79,26.5,Moderado
71.1,16.9,59.2,1,100,7.8,13.27,35.2,Alto
61.8,21.7,63.2,1,177,6.2,33.92,31.2,Alto
70.1,13.4,61.6,1,113,6.4,24.94,20.5,Alto
69.2,16.5,57.3,1,112,6.8,16.87,29.8,Alto
63.8,14.7,34.8,0,12,5.0,2.96,29.0,Bajo
64.5,14.8,32.9,0,0,7.9,0.02,33.3,Bajo
74.4,17.0,63.0,1,153,5.7,30.9,31.9,Alto
64.5,12.2,57.4,0,13,8.0,1.69,18.6,Bajo
67.9,12.2,49.5,1,42,5.4,8.37,36.1,Alto
72.5,14.3,71.3,1,86,7.4,13.88,33.5,Alto
73.6,15.7,58.7,1,200,6.2,39.95,36.0,Alto
60.5,15.8,51.3,1,31,6.9,5.38,33.2,Alto
75.2,17.2,43.6,0,205,6.8,36.54,28.2,Alto
71.6,26.8,48.4,1,84,4.4,20.12,28.2,Alto
72.2,16.4,41.5,0,3,6.2,0.57,37.4,Bajo
70.9,16.1,65.7,1,64,6.9,9.98,23.2,Alto
72.9,9.6,43.7,0,14,6.5,3.53,32.4,Moderado
70.6,21.6,32.6,0,111,7.1,22.07,26.1,Alto
59.2,9.8,60.3,1,19,8.0,2.77,29.4,Moderado
69.4,18.4,52.8,1,13,6.4,2.57,30.5,Moderado
84.3,16.8,63.9,1,108,5.5,32.37,37.1,Alto
64.4,10.4,63.8,1,19,5.3,3.79,23.2,Moderado
69.1,15.7,45.7,0,33,6.9,7.5,26.4,Moderado
56.6,15.3,45.1,0,0,5.7,0.15,16.0,Bajo
74.3,17.9,37.7,0,36,7.2,6.61,24.6,Moderado
74.2,13.6,75.1,1,47,5.4,10.96,43.3,Alto
61.6,18.1,47.7,0,0,8.3,0.05,28.9,Bajo
66.5,21.9,58.6,1,183,7.4,26.1,34.1,Alto
61.9,12.2,42.5,0,20,6.5,3.94,23.2,Bajo
67.8,14.2,53.6,1,29,7.3,4.47,34.5,Moderado
63.6,13.5,39.7,0,10,5.7,2.11,30.1,Moderado
64.8,13.4,40.8,0,12,5.4,2.99,27.7,Bajo
60.4,10.6,52.7,0,13,5.4,3.64,21.6,Bajo
60.0,15.8,69.0,1,150,6.4,30.54,27.3,Alto
62.4,14.3,68.5,1,54,5.6,11.04,29.9,Alto
71.1,19.6,57.4,1,130,5.3,36.89,28.7,Alto
79.8,17.7,43.8,0,112,8.0,15.33,27.4,Alto
59.6,21.4,36.8,0,24,7.8,5.03,19.9,Moderado
69.8,15.9,65.1,1,31,6.2,7.58,26.1,Alto
59.2,17.1,63.1,1,38,5.4,9.0,27.6,Alto
49.7,14.7,30.8,0,19,6.2,3.36,20.8,Bajo
61.5,12.4,32.5,0,62,6.6,13.25,20.7,Moderado
63.2,14.9,39.1,0,3,5.3,0.93,25.3,Bajo
63.3,13.2,44.9,0,22,5.6,4.79,25.9,Moderado
60.6,12.6,60.1,1,77,7.6,13.16,26.2,Alto
66.0,11.1,43.1,0,66,7.4,12.86,18.3,Moderado
70.2,18.1,58.1,1,43,8.0,8.45,26.6,Alto
58.0,11.5,25.5,0,19,6.5,3.88,22.1,Bajo
72.1,14.9,69.1,1,180,7.9,29.34,23.5,Alto
68.6,9.9,41.7,0,20,7.9,2.6,28.6,Moderado
49.7,22.8,48.7,0,38,5.8,8.72,23.0,Moderado
65.8,12.7,48.2,0,43,5.1,10.2,26.4,Moderado
52.1,12.3,53.2,0,15,6.2,4.23,20.9,Bajo
64.5,16.3,33.4,0,9,6.7,1.95,27.2,Bajo
75.6,15.1,77.7,1,243,6.0,43.12,34.4,Alto
70.0,14.0,50.1,1,16,7.0,2.99,28.4,Moderado
66.9,14.1,39.7,0,16,5.5,3.37,26.5,Moderado
72.7,18.4,67.5,1,3,6.5,0.53,30.5,Moderado
63.0,17.9,51.7,0,17,6.4,4.01,18.4,Bajo
67.3,14.3,26.2,0,8,6.3,1.38,23.7,Bajo
68.2,16.1,63.5,1,20,6.5,4.19,29.3,Moderado
74.4,16.1,57.6,1,52,7.3,10.94,37.1,Alto
61.5,18.6,74.5,1,89,5.9,15.46,35.5,Alto
77.3,20.5,70.9,1,224,7.7,39.35,31.7,Alto
63.8,16.5,61.8,1,52,5.2,16.46,28.4,Alto
62.4,18.5,48.2,0,45,6.0,11.83,26.1,Moderado
75.5,18.5,60.1,1,35,5.5,6.84,32.6,Alto
85.4,20.8,68.5,1,136,7.0,22.59,32.0,Alto
90.4,12.5,59.3,1,181,6.0,40.02,23.8,Alto
70.0,17.9,62.5,1,55,6.9,10.39,27.0,Alto
71.7,13.1,33.7,0,7,6.2,1.53,41.3,Moderado
59.1,16.7,53.4,0,6,5.8,1.88,29.7,Bajo
68.1,11.0,62.8,1,28,7.4,4.53,32.3,Moderado
68.5,12.9,65.7,1,60,5.5,13.97,27.4,Alto
70.4,15.7,62.4,1,281,7.4,42.63,28.6,Alto
51.4,15.7,72.7,1,50,6.5,10.6,27.0,Alto
67.2,12.9,29.4,0,0,6.4,0.12,23.2,Bajo
73.8,12.6,48.7,0,45,6.7,8.78,22.6,Moderado
56.6,11.3,39.9,0,19,5.8,3.67,20.5,Bajo
60.4,13.5,51.2,0,30,6.2,7.44,21.9,Moderado
74.4,11.6,55.7,1,70,7.8,11.36,33.6,Alto
58.8,11.9,35.9,0,2,7.6,0.35,34.5,Bajo
69.6,16.6,48.0,0,25,5.9,4.59,27.8,Moderado
63.7,17.4,25.6,0,11,6.8,2.54,27.1,Bajo
70.0,15.5,62.0,1,7,8.3,1.01,22.6,Bajo
64.7,12.8,59.2,1,13,6.3,2.69,33.5,Moderado
63.6,12.4,66.4,1,45,5.3,9.41,27.2,Alto
75.3,16.1,42.9,0,21,6.1,3.79,16.7,Bajo
62.0,18.8,51.3,0,43,6.6,9.53,21.8,Moderado
61.9,13.4,52.7,1,11,6.0,2.02,23.5,Bajo
73.2,7.6,43.9,0,14,7.1,1.99,26.5,Bajo
67.3,20.4,68.6,1,6,5.7,1.92,22.4,Moderado
52.0,12.5,45.7,1,23,5.2,5.06,28.1,Alto
75.5,15.7,71.2,1,7,5.3,1.59,25.9,Moderado
62.1,13.8,25.0,0,3,5.9,0.87,26.2,Bajo
64.6,18.2,49.0,0,45,5.8,9.35,27.2,Moderado
61.1,14.0,43.9,0,1,5.9,0.31,30.9,Bajo
64.6,14.9,42.6,0,17,8.5,2.18,28.0,Moderado
46.1,12.4,37.1,0,30,7.0,4.7,26.7,Moderado
63.4,14.7,42.0,0,63,6.0,11.01,35.5,Alto
63.7,11.7,44.6,0,24,6.8,4.43,16.0,Bajo
52.6,15.6,48.9,1,88,6.6,16.05,27.1,Alto
64.2,17.0,41.4,0,15,6.5,3.07,16.0,Bajo
63.5,12.5,36.5,0,16,5.6,3.1,23.0,Bajo
62.2,13.6,57.0,1,10,6.7,2.47,22.6,Bajo
59.4,16.7,42.9,0,1,6.7,0.43,33.4,Bajo
53.7,17.7,40.9,0,28,6.0,6.89,26.9,Moderado
68.9,14.6,60.5,1,115,7.4,22.53,17.6,Alto
56.2,18.2,31.7,0,12,6.9,2.45,26.0,Bajo
74.9,11.9,45.2,0,25,6.5,6.61,21.0,Moderado
76.8,14.3,44.1,1,13,4.9,3.02,32.2,Moderado
82.3,15.8,65.5,1,238,8.5,41.41,26.1,Alto
61.2,13.7,62.9,1,27,7.1,5.89,22.1,Moderado
46.0,12.2,29.0,0,0,5.0,0.1,25.3,Bajo
60.5,17.2,42.9,0,59,7.5,12.31,29.1,Moderado
64.8,17.0,60.3,1,15,7.1,2.77,25.6,Moderado
70.1,16.2,61.9,1,16,7.2,3.29,34.5,Moderado
50.4,11.3,67.4,1,39,6.3,7.55,17.1,Alto
66.6,13.6,39.1,0,17,6.7,3.1,22.7,Bajo
71.2,13.9,58.7,1,31,5.8,7.86,19.8,Moderado
66.0,12.1,48.4,0,18,6.0,4.2,20.8,Bajo
64.2,11.5,42.9,0,11,5.7,2.7,22.7,Bajo
62.0,15.9,74.9,1,7,6.4,1.55,17.4,Moderado
81.8,15.7,51.8,0,0,5.0,0.08,31.1,Bajo
77.2,16.4,62.7,1,166,4.4,37.8,24.4,Alto
81.1,16.1,59.1,1,206,7.2,33.06,32.1,Alto
67.8,17.5,54.4,0,122,6.4,22.03,26.5,Alto
84.5,17.8,56.8,0,160,5.8,43.42,20.5,Alto
82.7,17.3,53.8,1,121,5.9,32.31,33.0,Alto
79.8,14.2,73.2,1,10,6.0,2.25,32.1,Moderado
72.8,8.9,60.8,1,67,6.7,13.6,35.6,Alto
77.1,12.5,56.5,1,93,5.3,24.81,30.5,Alto
67.4,13.7,49.9,0,0,7.2,0.12,31.9,Bajo
82.7,16.6,41.0,0,252,7.0,43.67,25.6,Alto
71.2,15.3,62.9,1,137,6.6,23.56,28.4,Alto
64.8,17.6,53.0,1,13,6.6,2.94,37.2,Moderado
69.0,16.4,55.2,1,80,6.2,14.9,24.2,Moderado
81.6,19.7,38.9,0,121,7.4,27.01,24.0,Alto
72.6,16.9,48.3,0,0,7.0,0.07,31.1,Bajo
62.0,14.8,68.0,1,82,7.2,14.72,22.9,Alto
67.5,15.7,53.8,1,64,6.8,13.9,22.7,Moderado
59.2,11.3,49.3,0,14,6.2,3.75,22.7,Bajo
74.6,19.6,77.3,1,222,8.1,36.82,25.1,Alto
55.1,17.8,40.3,0,27,6.4,4.3,25.8,Moderado
80.2,18.1,74.7,1,136,7.9,26.45,31.2,Alto
75.3,15.5,60.9,1,77,6.4,13.57,26.6,Alto
85.9,17.6,63.0,1,246,7.0,36.45,27.1,Alto
69.4,11.3,36.8,0,12,6.4,2.69,32.1,Moderado
95.2,14.8,55.6,1,206,7.0,32.45,30.9,Alto
73.9,15.0,52.1,1,7,3.3,2.66,27.1,Moderado
63.3,12.3,43.6,0,23,7.0,4.32,22.2,Bajo
72.3,16.9,54.6,1,27,5.8,7.45,33.8,Alto
52.1,17.6,39.5,0,2,7.1,0.35,19.3,Bajo
84.5,18.9,65.5,1,205,7.2,36.47,28.5,Alto
65.5,17.2,35.6,0,83,6.1,14.68,21.6,Moderado
60.9,14.1,61.1,1,96,5.8,20.44,29.3,Alto
70.8,12.0,45.0,0,24,4.7,6.03,33.8,Alto
68.7,19.0,41.9,0,20,7.4,2.83,31.3,Moderado
70.6,18.2,60.9,1,0,7.0,0.03,32.3,Moderado
82.0,15.0,32.5,0,13,8.5,2.0,35.3,Moderado
67.2,13.6,35.9,0,1,5.7,0.41,28.9,Bajo
59.8,14.5,49.1,0,10,7.1,1.56,23.4,Bajo
76.3,17.0,62.9,1,85,5.9,21.45,28.2,Alto
77.4,14.0,68.4,1,64,3.6,27.97,30.1,Alto
64.3,16.1,69.8,1,181,7.3,32.44,28.2,Alto
67.7,16.4,54.0,1,44,6.4,7.51,27.3,Alto
72.7,13.0,50.7,1,37,7.5,5.87,28.2,Alto
70.4,15.8,33.7,0,8,7.7,1.5,29.2,Bajo
70.1,14.3,63.1,1,77,7.0,13.22,28.2,Alto
71.0,19.2,63.1,1,40,6.9,6.73,28.3,Alto
56.4,13.7,37.5,0,69,6.4,11.38,24.7,Moderado
50.8,16.2,47.8,1,15,5.7,4.05,23.6,Moderado
64.7,15.3,45.0,0,18,5.7,4.37,29.0,Moderado
60.4,17.8,37.9,0,13,4.7,4.02,27.5,Bajo
72.8,14.3,40.0,0,7,6.9,1.21,26.4,Bajo
71.7,15.7,65.0,1,245,6.6,41.01,25.9,Alto
65.0,13.4,63.4,1,7,6.8,1.29,26.0,Moderado
76.8,10.1,52.8,1,86,7.5,13.09,29.1,Alto
59.7,11.5,64.9,1,40,7.9,6.26,30.2,Alto
58.0,18.7,30.6,0,13,6.3,3.3,16.0,Bajo
55.6,13.8,51.7,1,45,8.7,5.44,35.4,Alto
59.5,14.8,58.8,1,52,7.0,8.34,30.4,Alto
79.8,17.3,76.6,1,168,6.3,38.19,33.1,Alto
68.5,12.9,64.9,1,24,5.9,5.62,30.5,Alto
69.5,16.5,51.4,0,20,5.8,5.29,27.8,Moderado
67.3,20.0,67.2,1,150,6.1,25.28,28.4,Alto
60.5,13.3,40.6,0,23,4.8,7.52,27.1,Moderado
58.2,13.0,57.0,1,18,7.9,2.51,26.6,Moderado
91.8,16.3,68.7,1,154,6.1,37.44,20.3,Alto
52.5,11.9,49.1,0,5,5.8,0.93,23.2,Bajo
60.0,10.9,57.5,1,14,6.5,3.05,28.1,Moderado
70.1,17.1,35.4,0,5,6.9,1.16,33.0,Moderado
63.6,16.4,40.7,0,12,5.7,2.51,26.3,Bajo
84.1,20.2,63.7,1,174,6.6,31.47,25.5,Alto
72.5,19.2,55.1,1,145,6.4,23.12,23.5,Alto
69.0,12.7,38.6,0,65,6.4,14.7,17.2,Moderado
71.7,17.3,57.9,1,16,6.2,3.2,26.8,Moderado
86.4,17.3,70.7,1,129,5.3,39.75,35.5,Alto
55.4,14.7,32.4,0,13,3.6,4.67,28.5,Bajo
66.9,14.1,48.9,0,31,8.4,3.91,30.1,Moderado
52.4,16.0,55.1,1,28,5.6,5.74,29.3,Alto
69.0,14.6,63.2,1,27,6.9,5.99,34.5,Alto
76.1,17.3,72.4,1,222,6.2,36.24,30.7,Alto
53.8,18.1,65.0,1,137,5.5,25.19,27.6,Alto
70.0,12.1,43.1,0,0,4.7,0.18,28.7,Bajo
69.8,14.7,61.4,1,50,5.8,12.91,17.0,Moderado
61.9,14.0,36.6,0,36,8.5,4.53,22.6,Bajo
75.4,15.3,44.3,0,5,6.8,0.84,27.4,Bajo
94.8,15.3,77.6,1,259,8.9,41.7,31.1,Alto
66.0,19.8,69.4,1,123,5.1,36.37,30.8,Alto
52.6,15.4,26.6,0,7,5.1,2.02,29.7,Bajo
66.7,15.6,57.3,1,13,5.1,4.06,27.6,Moderado
74.9,14.0,45.3,0,18,7.5,3.4,23.7,Bajo
60.3,14.5,70.3,1,70,6.1,12.32,30.0,Alto
70.4,14.8,63.3,1,56,6.3,12.56,32.9,Alto
66.4,13.6,57.6,1,24,6.1,6.73,38.3,Alto
69.3,17.2,51.9,1,17,5.9,3.33,32.6,Moderado
59.1,13.8,59.9,0,60,6.6,14.15,27.9,Moderado
65.6,15.3,30.0,0,8,7.5,1.42,26.5,Bajo
75.5,14.5,45.5,0,13,6.5,3.05,29.6,Bajo
68.6,15.9,39.4,0,32,7.6,4.5,29.0,Moderado
68.4,13.2,27.6,0,18,8.8,2.59,32.3,Moderado
69.1,16.5,42.7,0,26,5.7,7.0,32.7,Alto
58.1,17.4,38.6,0,22,7.3,3.2,33.1,Moderado
52.5,15.5,43.7,0,16,5.7,3.96,30.3,Moderado
66.6,15.7,49.5,1,54,7.7,8.9,27.4,Alto
61.9,11.7,39.9,0,47,6.8,10.6,23.0,Moderado
54.6,17.4,39.0,0,22,6.1,4.79,31.1,Moderado
77.9,18.9,62.9,1,186,6.7,37.73,22.5,Alto
77.9,12.7,25.0,0,22,7.2,4.74,17.6,Bajo
51.9,13.7,36.1,0,2,6.4,0.5,30.9,Bajo
76.4,16.8,60.3,1,78,6.2,15.01,30.7,Alto
63.0,16.6,45.2,0,10,7.8,1.69,31.8,Moderado
63.4,18.1,66.0,1,26,6.0,5.95,33.5,Alto
72.6,12.1,49.3,1,77,5.2,24.15,26.7,Alto
65.9,14.4,45.0,0,30,7.7,6.25,21.6,Moderado
65.0,18.9,34.8,0,11,6.7,2.12,32.6,Moderado
57.2,15.9,27.7,0,14,8.0,2.56,23.7,Bajo
56.4,13.7,51.2,0,47,6.5,9.62,26.6,Moderado
75.9,15.1,35.2,0,1,5.5,0.43,27.0,Bajo
72.0,11.7,45.1,0,10,7.6,1.81,39.3,Moderado
64.9,11.4,62.0,1,59,5.8,12.39,31.6,Alto
71.9,15.1,29.5,0,44,6.0,10.68,29.9,Moderado
81.0,15.6,70.5,1,97,4.9,32.38,31.1,Alto
66.8,14.5,59.8,1,207,8.3,27.83,24.6,Alto
62.9,12.0,43.8,0,21,6.3,4.13,20.7,Bajo
63.7,15.2,59.2,1,28,6.6,4.8,39.6,Moderado
59.3,18.4,62.3,1,111,6.7,24.74,29.1,Alto
61.3,17.5,75.6,1,118,6.6,25.8,29.3,Alto
71.8,15.0,66.0,1,1,6.7,0.27,34.5,Moderado
70.0,16.1,67.0,1,12,5.4,3.68,25.3,Moderado
80.6,18.0,69.1,1,142,5.5,42.17,27.9,Alto
60.1,16.7,57.9,1,8,4.7,1.9,27.0,Moderado
88.5,13.9,58.1,1,159,5.8,35.21,27.2,Alto
72.8,16.1,39.0,0,185,6.6,31.84,22.4,Alto
77.7,17.7,64.0,1,32,6.9,5.98,20.5,Moderado
51.8,14.3,33.6,0,59,7.6,9.15,26.1,Moderado
82.7,17.3,57.3,1,322,7.9,41.68,25.2,Alto
69.3,17.2,68.1,1,53,6.6,9.83,29.9,Alto
73.3,14.7,47.9,1,7,5.1,1.57,35.2,Moderado
65.9,15.5,60.9,1,20,6.9,3.64,28.2,Moderado
64.7,15.4,29.9,0,24,7.5,3.26,25.4,Moderado
65.9,16.7,61.7,1,107,6.1,17.97,31.0,Alto
58.3,15.3,50.8,0,17,8.1,2.3,37.9,Moderado
62.5,16.1,31.4,0,26,4.8,6.51,30.8,Alto
69.1,17.0,38.7,0,9,7.2,1.48,17.5,Bajo
62.6,18.8,39.2,0,35,8.2,4.78,23.5,Bajo
61.8,16.2,64.4,1,23,5.8,4.76,29.9,Moderado
70.0,19.1,56.9,1,10,6.8,2.05,29.4,Moderado
67.0,15.4,57.3,1,94,8.5,12.87,16.0,Moderado
62.7,15.8,52.3,0,15,6.5,3.8,30.0,Moderado
70.0,14.1,53.5,1,61,5.9,10.42,26.8,Alto
62.4,17.3,33.8,0,4,5.7,0.99,22.1,Bajo
64.2,15.2,39.1,1,2,5.4,0.45,26.5,Moderado
57.4,14.2,33.9,0,72,7.6,10.51,22.0,Moderado
72.4,15.6,70.2,1,89,6.9,13.85,32.0,Alto
63.8,13.4,62.7,1,77,6.7,13.66,27.7,Alto
67.2,9.7,45.7,0,43,5.1,8.85,30.0,Moderado
71.3,14.2,39.2,0,19,5.6,4.69,24.9,Bajo
66.1,18.0,29.8,0,10,7.6,2.01,27.9,Bajo
57.6,15.4,67.5,1,13,6.6,2.48,25.6,Moderado
76.1,18.3,45.2,0,137,6.6,23.04,23.7,Alto
62.4,18.4,37.5,0,10,7.2,1.96,21.7,Bajo
52.2,16.8,64.2,1,17,7.7,2.95,37.9,Moderado
63.6,12.7,43.5,0,6,6.4,1.36,16.0,Bajo
67.6,15.2,38.2,0,22,4.4,5.31,32.3,Alto
67.9,15.5,35.8,0,5,7.7,0.82,32.3,Moderado
60.8,20.6,43.7,0,14,6.5,2.49,30.6,Moderado
55.9,12.1,75.9,1,23,5.2,7.28,24.4,Alto
48.2,14.0,32.0,0,67,6.2,10.95,19.5,Moderado
64.4,14.1,43.4,0,93,4.5,21.18,25.6,Alto
70.6,13.6,58.8,1,16,4.9,3.96,28.0,Moderado
70.2,19.8,69.3,1,133,5.8,29.85,29.5,Alto
67.8,21.5,65.1,1,33,5.3,8.39,30.7,Alto
70.2,14.2,44.3,0,70,7.7,13.47,25.7,Moderado
61.3,14.2,49.9,0,26,7.3,4.35,27.7,Moderado
63.2,19.0,34.8,0,74,6.8,12.74,25.9,Moderado
71.7,16.2,58.5,1,114,8.3,14.57,30.4,Alto
68.1,13.9,65.0,1,65,7.5,9.83,21.7,Moderado
84.4,17.0,46.9,0,159,9.0,28.29,24.6,Alto
54.0,14.1,40.5,0,30,4.8,6.89,22.1,Moderado
71.9,14.0,58.5,1,43,7.2,9.13,23.6,Moderado
70.8,11.0,55.5,1,64,7.5,13.8,37.2,Alto
61.7,11.2,68.1,1,58,5.9,10.74,28.8,Alto
70.4,17.5,59.6,1,167,6.9,32.16,23.7,Alto
69.1,17.7,54.9,1,59,6.7,14.23,28.9,Alto
76.7,12.2,68.2,1,28,5.1,9.08,29.1,Alto
66.5,13.0,41.2,0,35,5.4,6.71,27.3,Moderado
67.8,20.4,36.8,0,49,6.2,8.78,25.9,Moderado
63.7,16.0,66.2,1,42,5.4,8.2,24.7,Alto
71.4,18.0,34.6,0,10,7.4,2.04,24.9,Bajo
69.3,18.8,41.0,1,30,7.8,4.36,16.5,Moderado
68.3,15.0,42.0,0,17,6.9,3.07,27.4,Moderado
67.8,12.9,73.3,1,61,8.7,11.75,24.0,Alto
70.0,15.0,45.4,0,29,7.6,4.79,22.0,Bajo
53.3,17.6,42.7,0,19,7.6,2.77,24.7,Bajo
64.0,13.0,74.1,1,71,7.7,13.25,29.6,Alto
67.8,15.4,47.3,0,48,6.3,9.85,20.4,Moderado
71.2,20.3,47.4,0,6,7.4,1.23,25.8,Bajo
66.2,12.9,45.1,0,35,6.6,8.11,31.3,Alto
83.1,21.7,64.8,1,278,7.6,37.98,30.7,Alto
73.2,21.8,66.0,1,115,5.1,36.01,25.9,Alto
58.5,9.1,45.2,0,19,6.4,3.42,39.5,Moderado
67.8,14.3,61.9,1,6,5.8,1.55,33.3,Moderado
68.7,9.7,74.7,1,18,7.3,2.54,31.2,Alto
78.7,17.4,58.5,1,118,5.7,29.81,30.8,Alto
64.6,16.8,45.8,0,89,7.0,13.22,25.3,Moderado
79.0,18.9,38.5,0,53,5.5,12.78,26.4,Moderado
63.5,16.3,33.8,0,19,7.4,4.35,24.9,Bajo
83.1,17.1,68.8,1,28,6.0,6.99,23.5,Alto
74.0,13.8,35.1,0,23,7.7,4.28,31.5,Moderado
59.4,21.0,66.7,1,118,5.8,21.05,29.6,Alto
61.2,16.7,29.8,0,25,6.2,4.27,25.7,Moderado
80.1,15.6,63.2,1,49,8.3,7.19,29.5,Alto
44.1,18.1,25.8,0,14,7.9,2.31,24.8,Bajo
64.2,19.3,64.7,1,30,5.3,6.69,25.0,Alto
66.9,19.7,47.9,0,56,6.7,8.5,23.7,Moderado
72.9,11.3,41.5,0,22,5.6,6.13,23.6,Moderado
70.8,14.7,55.8,1,64,5.5,14.48,27.2,Alto
74.4,18.8,62.2,1,156,6.8,33.1,27.3,Alto
52.4,13.9,57.4,1,9,5.1,1.94,19.8,Bajo
62.6,18.4,39.6,0,25,5.0,5.99,29.1,Moderado
66.9,14.2,55.0,1,118,6.5,20.94,26.1,Alto
75.0,20.7,62.8,1,159,7.2,27.95,34.5,Alto
67.7,16.1,43.9,0,38,6.8,5.84,28.1,Moderado
67.9,16.3,48.8,0,6,6.4,1.32,23.5,Bajo
62.4,14.7,66.7,1,19,6.6,3.87,21.4,Moderado
78.5,16.4,29.7,0,94,8.8,13.32,30.4,Alto
55.0,16.3,37.1,0,6,8.1,0.94,22.2,Bajo
67.7,16.3,73.3,1,328,8.6,38.51,28.7,Alto
67.2,13.6,53.6,1,16,5.8,3.17,30.4,Moderado
67.3,14.0,42.2,0,61,6.3,14.29,19.4,Moderado
56.7,14.0,62.7,1,0,5.7,0.06,25.5,Moderado
81.2,15.7,58.9,1,154,5.4,42.28,26.3,Alto
69.8,13.9,43.9,0,27,4.8,7.31,29.7,Moderado
70.6,12.6,57.0,1,51,6.8,7.66,31.6,Alto
69.4,14.1,28.4,0,18,8.2,2.4,27.2,Moderado
77.2,19.0,70.3,1,88,4.7,25.9,27.5,Alto
64.2,16.4,56.9,1,48,7.2,10.04,17.0,Moderado
42.5,11.5,35.7,0,8,7.1,1.32,23.2,Bajo
62.0,17.9,42.0,0,22,5.9,4.58,27.6,Moderado
75.4,14.3,58.8,1,50,6.4,10.67,22.6,Moderado
57.8,15.5,40.7,0,7,5.3,1.75,33.0,Moderado
62.6,16.7,36.3,0,26,6.2,7.16,31.6,Alto
65.2,17.4,64.5,1,34,7.6,6.33,32.2,Alto
79.5,16.8,65.7,1,169,6.7,28.0,25.7,Alto
76.4,16.6,56.2,1,179,7.9,27.45,16.0,Alto
78.3,19.7,32.0,0,3,5.4,0.97,24.7,Bajo
60.7,14.5,60.2,1,61,8.0,9.66,31.4,Alto
61.4,13.7,39.0,0,36,4.2,8.92,33.7,Alto
82.5,14.7,43.5,0,359,9.1,40.58,30.8,Alto
60.4,12.3,65.1,1,79,6.6,12.4,31.6,Alto
79.2,11.5,44.2,0,176,6.2,38.68,30.2,Alto
70.4,14.6,46.0,0,46,6.1,11.95,26.9,Moderado
70.3,17.3,41.1,0,21,5.2,6.73,32.5,Alto
51.9,7.9,37.1,0,8,7.5,1.78,24.6,Bajo
74.5,10.6,31.7,0,0,7.9,0.14,30.7,Bajo
68.1,14.1,47.1,0,22,7.2,4.29,16.0,Bajo
71.4,18.3,45.0,0,28,7.2,4.86,33.1,Moderado
72.5,20.2,50.6,1,64,5.9,11.02,20.6,Moderado
40.0,19.3,41.0,0,4,6.1,0.88,27.5,Bajo
62.3,16.5,39.1,0,70,7.8,10.86,33.4,Alto
67.4,12.8,64.0,1,242,7.7,31.83,21.9,Alto
58.0,11.8,37.5,0,9,8.1,1.2,27.0,Bajo
70.3,11.3,42.4,0,19,6.1,3.55,26.6,Moderado
79.8,20.8,56.2,0,196,6.2,42.32,18.5,Alto
49.3,13.1,29.7,0,84,6.3,13.92,21.5,Moderado
71.1,12.9,44.8,0,2,6.4,0.4,27.0,Bajo
60.3,15.4,34.4,0,11,7.0,1.69,26.3,Bajo
63.5,19.1,35.1,0,77,5.1,16.16,28.3,Alto
78.4,17.9,60.4,1,77,6.8,13.57,30.3,Alto
59.1,12.6,65.9,1,27,5.8,6.24,19.9,Alto
66.5,18.6,47.3,0,3,5.9,0.62,29.5,Bajo
63.8,11.5,61.5,1,55,4.7,18.97,28.6,Alto
72.7,14.6,36.0,0,15,7.0,2.54,41.1,Moderado
72.8,17.6,62.9,1,233,8.1,30.94,36.0,Alto
56.6,14.1,46.4,0,3,7.3,0.8,31.0,Bajo
65.1,15.6,40.6,0,3,7.7,0.58,24.5,Bajo
75.7,15.4,70.3,1,63,6.6,13.25,30.7,Alto
65.7,13.6,39.9,0,1,6.0,0.3,24.2,Bajo
83.2,17.9,52.1,1,88,5.6,20.63,30.6,Alto
67.6,15.1,61.1,1,99,5.5,18.04,22.7,Alto
56.2,16.7,68.4,1,1,6.8,0.24,33.8,Moderado
71.7,14.6,48.7,0,26,4.0,8.31,32.5,Alto
78.0,12.4,75.1,1,158,6.6,35.6,33.9,Alto
70.8,15.6,65.3,1,60,4.9,19.82,36.1,Alto
84.9,13.5,66.6,1,53,6.0,9.33,30.9,Alto
78.2,19.8,60.3,0,8,7.3,1.71,31.8,Moderado
64.7,17.5,59.5,1,72,5.2,18.52,19.1,Alto
54.0,13.4,65.4,1,23,7.1,5.16,31.4,Alto
63.8,16.3,41.7,0,9,4.6,3.15,25.1,Bajo
62.2,15.5,64.7,1,14,7.5,2.57,28.7,Moderado
73.1,20.4,63.0,1,129,5.3,27.12,33.4,Alto
60.3,13.2,67.2,1,103,8.0,14.32,32.2,Alto
81.7,19.3,66.0,1,183,7.5,38.52,20.0,Alto
53.7,16.7,37.2,0,1,7.2,0.31,20.8,Bajo
66.7,13.0,51.4,0,20,6.9,3.07,26.3,Moderado
74.6,14.0,52.7,1,10,5.7,1.83,39.0,Moderado
71.3,18.3,67.9,1,185,7.7,32.92,23.6,Alto
79.4,15.9,64.6,1,102,7.3,22.25,19.9,Alto
74.8,19.2,64.0,1,146,6.1,30.58,22.7,Alto
73.5,18.7,42.8,0,168,6.0,39.61,33.9,Alto
59.2,19.6,55.0,0,44,6.2,9.98,28.3,Moderado
72.5,17.5,65.8,1,149,6.6,25.39,30.7,Alto
65.7,12.9,44.9,0,1,6.1,0.43,21.2,Bajo
66.3,14.6,41.3,0,35,5.7,9.08,16.0,Moderado
72.2,15.8,38.2,0,69,6.0,12.48,23.5,Moderado
71.3,17.3,68.2,1,149,5.9,29.51,29.7,Alto
66.1,15.6,37.3,0,12,4.6,4.04,16.9,Bajo
68.6,11.2,48.4,0,32,7.9,6.66,29.6,Moderado
66.5,19.1,59.7,1,102,6.3,18.06,27.4,Alto
66.3,14.4,61.6,1,42,6.6,7.67,16.4,Moderado
75.6,14.1,31.0,0,12,7.9,1.83,33.7,Moderado
76.5,19.7,61.8,1,143,5.8,37.7,23.6,Alto
62.7,10.8,42.0,0,17,5.7,4.1,25.1,Moderado
59.4,14.4,62.3,1,32,7.6,5.84,29.9,Alto
65.5,12.6,36.2,0,13,5.9,2.42,29.6,Bajo
71.5,18.4,49.0,0,13,4.6,4.35,33.9,Moderado
62.1,18.7,51.7,0,55,4.9,13.65,25.2,Moderado
66.8,12.5,36.8,0,59,7.5,10.64,28.1,Moderado
82.6,14.1,52.6,0,90,8.1,11.18,33.0,Alto
73.2,19.5,40.2,0,63,8.4,11.48,29.1,Moderado
74.7,16.6,53.4,1,47,5.0,14.02,33.5,Alto
50.9,14.6,43.1,0,61,5.6,14.1,18.3,Moderado
57.4,19.0,59.3,1,115,8.1,22.05,29.3,Alto
65.3,17.3,42.5,0,3,6.3,0.6,27.8,Bajo
84.9,16.1,61.5,1,104,5.7,21.56,33.2,Alto
62.1,19.5,37.8,0,8,5.2,1.63,26.7,Bajo
84.0,16.8,53.5,1,137,6.2,34.28,30.4,Alto
70.1,14.9,39.2,0,10,5.1,2.31,36.8,Moderado
68.2,10.2,39.0,0,1,5.2,0.26,20.5,Bajo
86.6,17.1,46.8,0,87,7.0,18.41,31.4,Alto
59.1,15.6,32.7,0,15,5.8,3.97,28.7,Moderado
53.4,15.6,66.0,1,30,7.6,5.71,16.6,Alto
49.6,16.3,52.5,1,7,5.2,1.49,23.6,Bajo
77.3,17.0,40.2,0,5,7.3,1.16,30.1,Moderado
63.1,13.8,43.9,0,37,6.9,8.06,21.5,Moderado
73.9,18.2,57.9,1,192,5.6,34.99,27.7,Alto
58.0,13.3,43.3,0,29,5.6,8.48,27.3,Moderado
57.5,19.6,58.2,1,49,7.2,7.52,30.0,Alto
65.1,15.7,43.2,0,29,7.1,4.7,31.7,Moderado
79.3,16.9,34.5,0,130,6.6,29.9,30.4,Alto
60.5,12.0,58.8,1,55,5.0,13.35,25.8,Alto
65.7,13.2,66.8,1,64,5.6,14.56,31.2,Alto
81.8,13.2,33.3,0,76,6.5,17.67,31.7,Alto
65.3,13.2,34.7,0,13,6.6,2.77,21.2,Bajo
61.0,16.9,35.8,0,3,4.7,0.85,21.5,Bajo
71.4,15.5,25.0,0,53,7.7,9.7,27.0,Moderado
70.2,13.1,45.5,1,27,6.6,5.24,30.7,Alto
76.6,14.2,75.1,1,38,6.3,9.62,30.2,Alto
75.0,17.7,40.1,0,85,5.7,24.25,22.1,Alto
64.8,16.5,64.0,1,2,7.1,0.45,27.1,Moderado
80.5,14.3,42.1,0,42,7.0,7.51,30.1,Alto
51.6,17.6,41.2,0,34,6.7,5.59,22.4,Moderado
67.0,16.2,52.3,0,125,7.1,25.43,33.0,Alto
65.7,13.3,39.3,0,110,7.9,14.27,16.0,Moderado
67.9,14.4,33.3,0,16,6.4,3.14,20.7,Bajo
72.3,15.5,44.8,0,2,4.7,0.88,25.6,Bajo
80.1,13.2,42.4,0,170,7.1,25.16,20.1,Alto
63.6,17.9,78.9,1,66,6.0,16.51,28.9,Alto
62.4,15.4,47.2,0,15,6.4,3.12,18.1,Bajo
61.0,15.2,58.0,1,11,6.1,2.15,23.2,Bajo
59.0,17.0,40.6,0,19,6.0,4.16,19.9,Bajo
69.8,16.1,63.0,1,37,6.6,7.66,31.3,Alto
75.2,15.4,41.5,0,175,5.2,34.68,28.4,Alto
81.4,18.3,73.1,1,167,5.7,41.87,22.5,Alto
62.8,13.8,33.2,0,93,5.5,22.83,16.0,Alto
57.9,13.7,46.3,0,7,5.8,1.48,31.4,Moderado
67.9,17.3,39.5,0,78,6.2,13.64,21.6,Moderado
55.3,17.4,41.4,0,3,6.5,0.6,33.4,Bajo
64.3,16.5,50.3,0,12,6.9,2.53,20.3,Bajo
75.1,16.0,49.3,0,77,5.8,19.67,24.0,Alto
64.7,11.1,34.0,0,18,5.8,3.27,24.8,Bajo
66.0,15.8,55.4,1,29,4.7,7.4,24.2,Alto
68.8,17.0,47.2,0,18,6.6,3.38,20.4,Bajo
62.3,13.5,77.5,1,70,5.4,19.02,34.0,Alto
58.6,14.3,51.9,0,5,6.6,1.41,28.5,Bajo
66.3,13.8,49.3,1,55,5.4,12.08,23.0,Moderado
54.6,18.7,31.1,0,8,5.3,2.66,22.7,Bajo
60.9,16.0,61.1,1,72,8.2,9.05,17.1,Moderado
61.8,14.8,61.6,1,29,7.3,6.38,32.5,Alto
53.6,14.2,58.1,1,17,6.4,3.18,27.6,Moderado
66.4,13.6,50.8,0,25,7.6,3.52,31.0,Moderado
69.6,16.5,46.2,0,54,4.6,14.66,25.5,Moderado
64.3,13.8,41.7,0,54,5.8,10.21,23.9,Moderado
69.0,14.4,42.4,0,11,5.7,2.96,23.7,Bajo
60.8,13.8,44.3,0,26,8.3,3.52,23.1,Bajo
60.7,10.7,53.4,1,60,8.0,8.31,24.4,Moderado
60.2,23.3,38.2,0,96,7.8,15.36,39.2,Alto
81.2,19.0,54.2,1,105,6.0,27.97,34.8,Alto
63.7,12.9,56.2,1,11,5.3,2.71,34.9,Moderado
65.7,15.2,47.5,1,57,5.8,11.24,32.2,Alto
73.4,20.2,46.6,0,215,7.6,33.54,24.3,Alto
79.3,13.1,68.5,1,12,5.9,3.33,30.0,Moderado
63.3,22.7,69.6,1,3,6.0,0.7,27.3,Moderado
74.3,14.9,49.0,1,123,7.6,20.87,30.0,Alto
61.3,14.8,57.1,1,32,6.1,5.69,23.2,Moderado
76.9,19.9,60.9,1,31,7.7,5.53,31.9,Alto
75.7,13.6,60.8,1,16,6.5,3.52,36.8,Moderado
68.3,12.5,39.6,0,3,7.5,0.63,28.6,Bajo
77.3,15.5,49.4,1,27,5.8,4.85,20.5,Moderado
73.5,18.3,37.5,0,60,8.5,11.15,34.3,Alto
65.7,18.3,38.9,0,13,6.7,2.62,27.5,Bajo
70.3,15.8,43.8,0,14,6.2,3.27,30.9,Moderado
69.1,17.5,51.6,0,56,4.3,21.1,31.7,Alto
78.9,17.6,64.0,1,237,6.8,44.75,37.3,Alto
61.5,20.8,30.8,0,20,5.8,4.06,31.6,Moderado
71.8,15.0,65.0,1,176,6.3,40.82,27.5,Alto
65.8,20.0,62.6,1,52,5.3,11.08,29.0,Alto
69.9,16.4,53.1,1,51,7.3,9.0,39.6,Alto
63.2,11.8,51.7,0,28,7.2,6.14,25.8,Moderado
74.0,18.5,72.2,1,127,7.0,20.49,21.0,Alto
50.3,16.5,47.8,0,18,6.2,3.73,27.7,Moderado
85.4,20.0,49.8,0,189,6.4,35.5,39.5,Alto
68.1,17.1,64.7,1,42,5.6,11.68,36.7,Alto
63.4,13.9,37.4,0,15,4.9,3.51,27.3,Moderado
75.9,18.0,69.1,1,128,5.7,29.87,28.8,Alto
68.3,19.8,68.4,1,134,8.6,22.72,32.4,Alto
69.9,16.9,54.9,1,78,5.9,14.7,31.2,Alto
61.2,19.0,63.7,1,21,7.5,3.19,21.8,Moderado
76.4,16.5,60.2,1,134,6.2,26.99,30.6,Alto
63.6,14.1,43.8,0,60,6.0,10.48,27.4,Moderado
52.0,13.2,58.6,1,1,7.4,0.29,35.6,Moderado
69.5,12.8,40.8,0,12,6.8,2.13,25.7,Bajo
65.9,19.0,65.1,1,50,7.3,7.5,24.6,Alto
69.7,17.4,69.1,1,182,7.4,34.79,35.1,Alto
72.6,13.7,42.6,0,28,8.1,5.09,19.5,Moderado
62.4,15.1,79.2,1,20,7.2,4.74,26.2,Moderado
66.6,14.9,65.9,1,4,7.4,0.89,28.9,Moderado
67.1,13.5,59.7,1,3,6.2,0.98,28.0,Moderado
75.6,20.1,65.1,1,172,6.6,29.64,29.8,Alto
58.3,12.8,43.0,0,25,6.2,4.57,23.7,Bajo
78.1,16.6,44.0,0,117,5.7,33.32,24.7,Alto
77.2,17.6,59.0,1,126,5.4,30.99,30.6,Alto
72.6,14.3,72.6,1,103,6.3,17.6,26.4,Alto
67.1,12.0,36.5,0,18,6.9,3.11,16.7,Bajo
70.0,13.5,53.7,0,17,5.9,4.65,29.4,Moderado
68.4,13.4,39.7,0,87,8.2,16.74,40.2,Alto
63.7,14.6,62.1,1,32,8.1,4.18,25.4,Moderado
76.4,17.2,75.6,1,271,7.9,38.18,27.5,Alto
51.2,13.8,67.5,1,3,5.5,0.96,28.4,Moderado
73.6,14.2,44.9,0,24,6.8,4.83,33.4,Moderado
68.3,19.9,66.9,1,121,6.0,32.47,28.0,Alto
64.4,13.7,39.0,0,138,8.1,21.56,20.6,Alto
75.0,15.8,39.8,0,25,6.0,4.42,31.6,Moderado
60.1,8.8,41.7,0,8,7.4,1.78,30.2,Moderado
75.3,16.0,72.1,1,97,3.6,28.17,30.5,Alto
77.8,12.4,65.8,1,39,6.4,10.1,37.9,Alto
64.9,17.0,53.4,1,113,5.3,34.51,23.4,Alto
75.8,18.2,41.0,0,125,6.6,23.37,24.5,Alto
62.0,10.9,62.4,1,35,5.6,7.13,20.8,Moderado
59.3,15.4,39.1,0,69,7.1,13.86,22.2,Moderado
73.3,14.7,40.7,0,54,7.9,9.65,22.6,Moderado
66.6,17.5,44.4,0,32,6.5,5.17,33.4,Alto
64.7,17.0,53.4,0,68,6.4,11.44,29.1,Moderado
61.4,15.8,36.9,0,0,7.0,0.0,25.7,Bajo
53.5,16.3,51.3,0,21,7.8,3.0,26.1,Moderado
64.9,16.7,31.8,0,26,6.8,4.31,19.9,Bajo
56.9,16.6,66.9,1,27,6.8,6.14,22.9,Alto
84.1,11.3,49.3,0,13,7.1,3.18,32.8,Moderado
61.6,13.4,40.9,0,59,5.4,14.87,25.0,Moderado
64.4,11.2,32.9,0,8,8.0,1.14,30.0,Bajo
63.9,9.4,62.9,1,21,6.1,3.58,32.0,Moderado
70.0,14.5,72.0,1,70,5.4,17.7,27.4,Alto
41.8,20.1,67.8,1,3,5.2,0.9,25.1,Moderado
52.2,12.6,32.2,0,49,6.0,10.88,25.2,Moderado
82.5,14.0,68.8,1,170,5.4,31.34,32.1,Alto
79.5,19.2,67.0,1,195,6.2,43.26,34.3,Alto
61.7,18.4,56.2,1,25,8.7,3.05,17.4,Moderado
55.9,14.5,70.7,1,31,4.0,10.52,36.5,Alto
78.0,17.5,60.7,1,64,7.8,10.05,26.2,Alto
59.2,15.4,53.1,1,11,9.2,2.07,28.0,Moderado
67.0,15.3,59.5,1,51,6.6,9.84,18.8,Moderado
61.5,15.7,38.8,0,13,6.6,2.22,35.5,Moderado
71.0,12.5,66.9,1,59,6.7,12.14,33.2,Alto
71.5,17.9,59.3,1,17,7.3,3.11,30.8,Moderado
66.2,12.5,33.4,0,150,7.0,31.7,19.2,Alto
74.8,14.6,60.6,1,172,8.0,35.67,29.7,Alto
71.2,18.5,36.9,0,10,6.1,1.81,25.2,Bajo
62.7,15.5,33.2,0,4,6.7,1.01,21.6,Bajo
65.6,13.7,41.4,0,58,6.8,13.56,22.6,Moderado
73.8,14.8,63.9,1,89,6.4,14.19,23.8,Moderado
65.5,23.9,38.1,0,120,4.8,35.8,26.7,Alto
70.1,18.0,56.4,1,23,7.2,3.8,30.5,Moderado
71.0,18.7,75.8,1,194,7.5,37.72,32.1,Alto
69.6,16.5,53.2,1,91,5.8,24.39,26.1,Alto
54.8,14.4,37.5,0,2,7.0,0.51,21.9,Bajo
65.7,14.8,39.4,0,212,6.9,41.87,20.4,Alto
54.3,10.2,36.6,0,21,6.6,3.75,27.8,Moderado
59.5,12.4,34.6,0,67,7.1,13.2,25.1,Moderado
54.7,12.7,29.4,0,75,7.7,13.66,28.3,Moderado
68.3,19.7,63.9,1,113,5.8,26.37,28.3,Alto
75.2,13.5,29.7,0,19,5.1,5.1,27.3,Moderado
57.9,15.4,62.6,1,36,7.3,7.95,23.0,Moderado
69.7,12.8,38.0,0,207,6.5,43.26,30.3,Alto
86.4,18.0,56.2,1,110,6.0,25.27,36.3,Alto
52.1,10.3,47.7,0,20,5.2,4.51,24.3,Bajo
60.9,13.4,49.2,0,11,4.7,3.38,20.6,Bajo
61.0,19.4,46.9,0,13,7.3,2.31,33.5,Moderado
62.5,12.2,67.0,1,87,6.9,13.48,31.1,Alto
63.7,15.3,52.2,1,9,6.3,1.8,34.8,Moderado
58.1,16.5,67.6,1,16,6.1,2.66,29.1,Moderado
72.0,14.5,58.8,1,30,6.2,6.6,32.1,Alto
67.3,12.0,64.7,1,58,5.9,10.44,37.4,Alto
52.8,15.2,37.0,0,2,4.7,0.78,34.7,Moderado
69.8,15.9,39.8,0,48,5.6,14.22,28.6,Moderado
67.1,14.7,64.1,1,86,5.8,16.04,26.7,Alto
70.3,14.3,27.8,0,38,6.0,7.82,26.2,Moderado
63.4,16.7,28.8,0,2,6.5,0.46,31.3,Bajo
58.1,16.0,25.0,0,8,7.0,1.42,27.7,Bajo
87.5,19.4,44.7,0,176,5.9,33.78,20.0,Alto
56.8,13.7,61.2,1,72,6.2,13.96,27.8,Alto
53.7,10.4,39.5,0,12,5.5,2.83,25.4,Bajo
73.9,17.0,64.1,1,86,7.9,11.73,36.4,Alto
70.1,18.6,50.4,0,12,6.5,2.09,25.4,Bajo
62.8,16.5,68.8,1,144,6.8,30.15,27.4,Alto
67.2,12.1,38.0,0,15,7.1,3.29,20.1,Bajo
64.8,15.8,44.6,0,8,6.4,1.81,25.0,Bajo
82.8,18.3,69.2,1,147,5.5,37.22,21.8,Alto
74.0,16.5,77.0,1,159,6.2,31.08,16.0,Alto
64.2,16.4,62.5,1,156,8.1,28.53,30.7,Alto
69.2,12.9,36.0,0,7,6.4,1.38,28.4,Bajo
74.8,19.5,56.7,1,37,7.1,6.52,24.7,Moderado
72.2,20.0,39.9,0,101,6.6,23.57,24.8,Alto
79.0,12.7,63.4,1,129,6.0,25.45,17.3,Alto
86.5,15.8,45.9,0,147,5.2,31.63,26.8,Alto
69.5,16.4,41.1,0,130,6.8,23.45,32.9,Alto
64.7,8.9,49.3,1,13,5.8,2.85,31.7,Moderado
57.4,18.0,53.9,1,15,6.4,2.92,28.1,Moderado
62.9,21.7,60.9,1,8,8.1,1.28,33.4,Moderado
66.6,16.9,51.1,1,51,6.3,9.98,29.1,Alto
67.5,17.3,48.4,0,4,5.1,1.17,24.9,Bajo
67.2,12.0,30.9,0,52,5.9,9.0,21.4,Moderado
78.1,17.6,64.0,1,159,6.2,26.25,35.2,Alto
66.0,13.1,36.7,0,17,7.7,2.67,26.1,Moderado
72.8,12.9,72.2,1,91,7.6,14.57,38.5,Alto
73.5,16.5,35.4,0,14,6.5,2.55,26.1,Bajo
43.0,14.5,66.7,1,14,5.7,2.67,29.0,Moderado
80.0,17.5,70.5,1,145,6.0,30.24,22.1,Alto
59.7,14.9,40.2,0,0,7.3,0.13,25.7,Bajo
77.1,9.8,59.9,1,69,6.9,14.06,21.7,Moderado
64.4,15.1,67.3,1,52,7.9,7.13,28.0,Alto
63.6,18.6,72.4,1,132,5.1,39.1,21.9,Alto
72.5,16.6,64.0,1,239,5.8,42.16,21.4,Alto
58.8,13.9,60.0,1,51,6.9,8.05,29.0,Alto
63.8,16.2,63.2,1,57,7.7,12.09,25.8,Alto
77.6,21.3,52.3,1,81,6.1,18.11,27.6,Alto
60.3,15.2,53.6,1,40,7.3,7.98,32.3,Alto
66.7,15.8,61.9,0,16,7.9,2.37,19.9,Bajo
78.0,15.7,72.6,1,67,6.6,14.41,20.1,Alto
64.4,11.5,54.4,1,26,5.8,5.46,30.1,Alto
67.1,15.2,34.7,0,20,6.8,4.45,18.0,Bajo
79.2,15.9,78.4,1,216,6.2,42.43,25.4,Alto
52.0,13.7,46.0,0,14,7.0,3.25,27.8,Bajo
54.9,13.3,48.4,0,0,5.4,0.01,30.9,Bajo
72.5,19.0,59.3,1,108,7.8,21.57,29.0,Alto
72.0,17.2,50.9,0,20,6.8,4.16,32.4,Moderado
73.7,15.8,27.6,0,9,7.6,1.26,30.3,Moderado
63.3,15.5,55.5,1,36,6.9,6.69,32.1,Alto
62.2,15.7,38.1,0,23,5.8,4.34,36.9,Moderado
60.6,15.9,47.5,0,85,7.1,16.06,23.6,Alto
57.6,17.5,32.9,0,31,6.9,6.51,25.6,Moderado
87.1,18.6,64.0,1,212,7.0,34.75,31.6,Alto
59.8,15.6,50.4,1,22,6.7,3.73,23.4,Moderado
66.3,13.0,58.8,1,54,6.6,10.4,38.5,Alto
76.7,16.1,66.5,1,241,9.1,27.82,33.4,Alto
80.5,10.2,38.7,0,102,5.9,24.9,31.7,Alto
53.1,18.2,63.3,1,38,7.0,6.28,28.1,Alto
52.4,14.1,44.0,0,18,6.0,3.29,16.3,Bajo
64.6,17.0,40.0,0,13,6.4,2.8,20.9,Bajo
55.9,13.0,36.1,0,0,6.3,0.02,26.2,Bajo
66.0,15.2,67.3,1,48,7.8,6.9,38.7,Alto
60.9,16.0,56.2,0,10,7.7,1.47,18.1,Bajo
72.2,13.5,51.6,1,154,7.1,26.05,25.6,Alto
66.2,19.2,66.1,1,90,7.6,17.82,22.2,Alto
64.6,13.2,43.9,0,28,4.4,8.94,22.4,Moderado
64.4,11.2,40.4,0,57,5.2,14.11,21.1,Moderado
70.5,20.8,69.5,1,75,6.5,13.53,21.9,Alto
62.9,18.6,56.1,1,4,7.1,0.86,39.8,Moderado
89.5,16.7,52.6,0,225,7.8,44.23,32.2,Alto
53.5,18.8,53.7,1,23,6.4,4.6,29.2,Moderado
85.4,16.2,75.3,1,223,6.4,40.35,24.7,Alto
70.1,8.6,47.4,0,23,5.0,5.62,26.0,Moderado
41.8,15.5,53.1,0,18,6.8,3.14,27.8,Moderado
55.8,11.6,51.0,1,7,6.6,1.42,32.3,Moderado
79.0,12.6,36.0,0,60,6.9,12.22,20.6,Moderado
66.1,17.6,60.3,0,71,7.4,11.86,25.7,Moderado
69.4,12.8,55.6,0,57,6.0,11.42,23.8,Moderado
70.6,16.1,63.5,1,66,5.0,13.41,32.9,Alto
59.4,15.4,66.1,1,0,5.0,0.1,29.7,Moderado
63.9,12.5,51.5,0,5,7.0,0.83,24.3,Bajo
78.4,18.9,38.3,0,9,5.9,2.01,32.0,Moderado
61.3,6.0,55.5,1,11,6.2,2.72,29.2,Moderado
62.4,14.3,52.3,1,79,8.0,11.21,25.3,Alto
49.4,12.4,50.6,0,3,5.3,0.78,24.6,Bajo
70.4,13.7,38.7,0,20,6.0,3.65,27.9,Moderado
42.9,11.8,35.6,0,37,6.7,5.66,16.7,Moderado
67.1,21.0,56.3,1,81,6.9,19.19,19.0,Alto
64.7,16.1,60.6,1,41,7.1,7.79,20.8,Moderado
72.7,14.5,48.0,0,14,7.4,3.02,31.8,Moderado
75.9,18.5,70.8,1,94,4.8,23.65,33.6,Alto
62.2,13.3,59.6,1,77,7.5,11.48,20.0,Moderado
71.7,17.3,64.0,1,83,5.3,25.53,31.7,Alto
65.8,13.3,32.9,0,29,6.8,6.6,34.1,Alto
72.9,16.6,62.7,1,147,5.4,40.01,38.7,Alto
78.7,11.8,33.5,0,37,6.7,7.03,33.1,Alto
57.0,14.5,38.2,0,26,6.5,4.69,37.9,Moderado
62.6,13.8,70.5,1,11,7.3,2.46,27.3,Moderado
61.0,11.9,50.3,0,6,7.4,1.34,22.1,Bajo
56.9,19.0,46.9,0,7,5.8,2.09,26.4,Bajo
65.3,10.1,39.9,0,1,4.5,0.46,34.5,Moderado
71.9,17.7,79.8,1,22,7.3,3.34,33.7,Alto
54.5,14.1,62.3,1,30,6.7,7.12,26.9,Alto
73.7,14.8,65.5,1,149,5.8,37.85,21.7,Alto
77.4,10.3,38.2,0,20,6.2,4.3,37.9,Moderado
70.4,13.2,39.9,0,7,6.6,1.29,24.6,Bajo
72.9,13.4,59.4,1,2,8.2,0.39,27.3,Moderado
55.8,13.9,62.4,1,36,4.5,9.69,27.2,Alto
76.1,17.2,60.4,1,51,5.9,9.62,24.1,Moderado
61.2,16.9,57.4,1,89,7.0,20.48,26.9,Alto
67.4,14.5,43.2,0,233,7.5,34.37,25.4,Alto
55.3,18.5,45.9,0,12,6.1,3.14,16.5,Bajo
77.3,18.6,62.8,1,52,6.3,8.69,41.0,Alto
69.6,16.4,57.1,1,34,6.1,8.2,39.3,Alto
69.9,16.4,72.3,1,50,6.9,11.59,30.7,Alto
70.4,16.8,48.3,0,1,6.4,0.39,30.7,Bajo
67.9,12.8,56.5,1,37,6.8,6.15,38.5,Alto
67.4,13.0,43.9,0,34,8.3,4.27,28.1,Moderado
68.8,18.2,45.2,0,3,5.7,0.89,20.5,Bajo
70.5,14.6,49.8,0,62,7.3,9.04,22.0,Moderado
69.9,14.6,56.7,1,28,6.6,4.88,40.4,Moderado
61.1,10.9,49.0,1,56,6.7,10.03,26.7,Alto
47.8,15.5,54.2,0,41,8.2,5.19,27.0,Moderado
61.8,17.6,58.7,1,40,6.9,8.96,28.2,Alto
67.4,20.4,58.9,1,115,6.9,26.74,26.1,Alto
64.0,12.9,58.5,1,13,7.1,2.7,16.0,Bajo
81.4,20.7,57.0,1,158,5.4,31.92,31.9,Alto
91.9,17.8,63.0,1,185,7.5,38.08,19.0,Alto
88.1,12.3,57.3,1,9,6.5,1.82,36.4,Moderado
62.3,13.7,43.5,0,14,5.7,3.7,26.6,Bajo
78.8,11.8,37.1,0,21,6.2,3.97,30.8,Moderado
67.0,13.3,49.1,0,33,6.0,7.09,21.7,Moderado
74.6,8.8,70.3,1,35,6.3,8.85,25.8,Alto
59.3,16.7,33.1,0,48,6.3,8.72,19.2,Moderado
78.7,17.5,62.6,1,24,5.8,5.71,30.5,Alto
56.0,19.9,42.8,0,16,4.6,3.96,26.0,Moderado
71.9,18.2,46.4,0,138,6.9,29.02,21.9,Alto
64.3,17.0,47.1,0,10,7.0,1.79,32.7,Moderado
61.5,14.2,63.4,1,38,6.2,9.65,23.9,Moderado
75.2,16.0,49.0,0,31,6.5,5.74,20.8,Moderado
74.1,11.4,31.3,0,16,7.9,2.06,26.6,Moderado
66.1,18.0,65.0,1,7,5.9,1.95,27.3,Moderado
68.9,12.8,51.3,0,25,7.4,4.36,35.9,Moderado
56.1,17.2,57.4,1,140,8.0,20.45,22.6,Alto
67.6,18.3,58.2,1,66,6.4,11.12,32.3,Alto
67.6,16.5,38.1,0,1,5.8,0.56,20.4,Bajo
67.3,14.0,63.4,1,68,7.0,10.38,28.8,Alto
69.1,15.8,66.5,1,265,7.4,36.42,19.6,Alto
65.2,12.5,46.8,0,5,4.6,1.51,27.0,Bajo
50.1,15.5,65.1,1,155,6.2,37.71,26.3,Alto
67.3,16.8,46.6,1,25,6.7,6.15,28.4,Alto
65.3,14.5,39.4,0,41,6.2,8.25,26.0,Moderado
75.3,20.3,65.8,1,190,7.0,29.2,29.2,Alto
66.4,14.0,67.6,1,14,7.7,2.68,36.7,Moderado
59.5,15.4,34.8,0,11,4.7,3.8,27.4,Bajo
61.0,17.5,72.0,1,148,6.1,29.79,24.9,Alto
67.1,14.6,42.6,0,66,5.1,13.37,22.6,Moderado
77.1,14.5,63.9,1,37,5.1,9.23,35.3,Alto
77.3,17.4,68.7,1,214,5.9,41.26,21.9,Alto
73.1,14.1,67.0,1,50,5.5,12.84,33.4,Alto
60.2,15.5,40.3,0,10,5.0,3.05,27.6,Bajo
71.4,13.4,49.1,1,189,6.9,34.32,25.9,Alto
53.8,14.8,42.2,0,14,6.5,3.54,26.3,Bajo
57.7,11.7,66.3,1,30,8.1,5.56,18.7,Alto
60.8,14.3,53.5,1,72,5.6,13.67,20.7,Moderado
48.4,14.5,56.5,1,23,7.5,3.16,28.3,Moderado
69.8,16.3,55.6,1,72,7.5,11.76,37.9,Alto
69.9,13.9,45.9,0,8,6.3,1.53,27.1,Bajo
66.2,16.9,36.2,0,13,8.3,2.44,20.1,Bajo
64.3,15.4,53.0,1,0,7.0,0.0,23.9,Bajo
69.2,13.4,57.6,1,9,6.3,2.25,33.6,Moderado
73.1,16.2,63.1,1,138,5.1,41.61,36.7,Alto
72.7,16.3,53.6,1,240,6.8,36.54,31.3,Alto
58.8,14.1,26.5,0,16,7.1,3.71,32.8,Moderado
68.1,20.3,68.6,1,117,8.0,19.0,30.2,Alto
57.6,17.2,63.3,1,69,7.4,13.86,25.5,Alto
77.1,18.7,64.7,1,134,6.9,24.86,32.0,Alto
58.6,19.2,43.3,0,5,6.3,1.17,29.5,Bajo
57.8,15.4,64.1,1,1,6.1,0.24,28.5,Moderado
62.5,16.2,45.7,0,23,7.3,4.0,31.6,Moderado
71.1,18.1,54.2,1,73,7.2,13.46,28.1,Alto
59.3,20.4,59.6,1,175,6.4,28.75,27.9,Alto
80.8,14.9,73.8,1,142,6.2,28.16,32.9,Alto
69.2,16.0,70.4,1,69,8.3,12.86,27.6,Alto
60.7,13.8,74.3,1,50,4.3,14.2,24.2,Alto
60.3,14.6,59.7,1,55,3.5,18.89,29.8,Alto
65.0,17.0,45.6,0,19,5.6,4.01,20.4,Bajo
79.9,14.2,54.2,1,53,5.0,17.22,32.2,Alto
80.3,17.1,71.8,1,251,7.9,37.66,35.5,Alto
62.5,13.1,47.4,0,29,5.2,8.37,27.5,Moderado
89.2,12.4,61.3,1,198,5.3,40.43,30.2,Alto
69.0,15.2,50.7,0,37,5.9,10.6,31.3,Alto
82.0,14.9,60.4,1,83,4.7,22.5,33.1,Alto
76.1,17.1,70.0,1,85,9.7,9.45,37.8,Alto
56.5,12.5,38.4,0,3,7.7,0.47,19.8,Bajo
70.7,13.0,46.0,0,22,4.8,7.72,22.6,Moderado
61.9,15.8,56.4,1,52,6.5,13.48,20.0,Moderado
74.3,15.6,42.4,0,21,7.5,3.55,27.8,Moderado
62.1,16.5,37.4,0,44,8.1,8.12,21.6,Moderado
63.9,12.6,40.5,0,25,6.3,4.84,25.9,Moderado
64.0,16.1,58.4,1,26,5.8,5.32,16.0,Moderado
95.6,16.5,58.1,1,166,6.7,32.71,32.4,Alto
68.4,13.9,47.1,1,49,5.2,12.67,17.3,Moderado
74.4,14.2,25.0,0,10,7.5,1.83,35.7,Moderado
56.5,14.7,36.7,0,11,7.4,2.58,30.0,Bajo
58.5,13.2,61.8,1,36,6.9,6.11,19.7,Moderado
77.8,18.6,67.4,1,106,8.2,19.59,25.3,Alto
82.6,11.9,33.8,0,32,6.2,5.44,33.5,Alto
75.9,17.4,63.2,1,61,8.0,12.64,36.5,Alto
60.5,12.3,77.0,1,64,6.8,14.04,21.1,Alto
68.6,17.0,63.1,1,138,6.1,25.79,29.4,Alto
69.8,17.3,45.0,0,121,6.1,33.43,24.0,Alto
64.2,15.9,52.8,1,32,6.7,5.1,31.0,Alto
56.3,19.0,34.9,0,8,7.2,1.19,22.0,Bajo
59.7,17.3,47.5,0,19,6.9,3.57,32.3,Moderado
60.0,13.3,35.5,0,31,4.6,9.79,25.0,Moderado
64.6,17.6,51.4,1,24,6.2,4.08,22.6,Moderado
76.4,16.5,55.6,1,82,6.1,14.09,31.0,Alto
65.6,12.5,49.8,1,40,7.6,8.95,33.0,Alto
65.8,15.3,61.2,1,185,5.8,41.53,24.0,Alto
48.4,15.5,64.1,1,45,6.3,10.33,20.3,Moderado
55.8,12.7,41.1,0,10,7.8,1.72,23.0,Bajo
62.5,17.5,61.9,1,64,4.7,20.24,28.2,Alto
64.7,16.9,60.6,1,56,5.8,14.68,33.4,Alto
64.5,19.2,60.3,1,212,6.7,40.41,27.6,Alto
62.5,14.6,54.8,1,31,5.9,7.99,27.2,Alto
63.6,14.2,64.2,1,67,7.3,13.48,29.5,Alto
67.9,14.2,55.7,0,28,5.7,7.46,25.0,Moderado
51.1,13.3,59.3,1,17,5.4,4.22,29.6,Moderado
67.8,10.6,57.3,1,54,5.2,14.29,28.8,Alto
72.8,16.2,61.5,1,40,5.6,10.36,28.5,Alto
50.5,12.8,58.0,1,30,5.3,6.02,28.8,Alto
58.1,15.8,32.6,0,10,6.6,1.74,18.0,Bajo
56.1,15.8,63.7,1,92,6.4,14.67,29.4,Alto
78.1,15.5,62.6,1,123,5.5,23.27,33.7,Alto
70.3,16.8,56.7,1,40,5.4,8.52,33.4,Alto
57.0,20.5,60.8,1,70,6.8,12.55,22.9,Moderado
61.9,12.8,66.2,1,10,7.0,2.09,29.7,Moderado
79.5,16.9,57.4,1,24,8.0,4.66,30.7,Moderado
76.3,15.8,68.1,1,107,6.3,24.36,24.5,Alto
74.0,16.4,72.9,1,75,5.7,18.82,28.4,Alto
66.8,16.4,57.9,1,104,4.0,34.77,29.2,Alto
73.2,14.0,60.7,1,22,6.0,3.88,27.5,Moderado
62.4,15.0,59.6,1,42,6.0,7.38,26.7,Alto
66.2,15.2,36.8,0,11,7.7,1.7,23.4,Bajo
67.4,15.7,58.8,1,109,6.1,29.22,22.2,Alto
73.4,13.1,32.9,0,17,5.6,5.08,17.1,Moderado
80.9,10.1,46.6,0,90,7.1,13.06,30.9,Alto
48.5,16.5,68.1,1,5,6.7,1.06,29.2,Moderado
69.1,14.8,44.8,0,1,5.9,0.34,29.8,Bajo
52.7,12.6,68.5,1,1,6.7,0.42,25.7,Moderado
65.3,15.8,68.7,1,15,8.7,2.45,28.3,Moderado
72.5,19.3,42.0,0,23,6.3,4.38,24.8,Bajo
44.7,14.3,36.7,0,53,6.0,10.04,24.1,Moderado
62.9,10.6,63.8,1,10,7.2,1.92,24.3,Bajo
84.4,21.8,72.5,1,119,6.3,29.11,27.1,Alto
58.4,14.7,64.3,1,6,7.3,1.15,31.0,Moderado
72.6,14.6,67.5,1,170,5.7,30.77,24.8,Alto
73.2,16.1,57.3,1,55,6.7,8.63,29.8,Alto
62.9,14.7,61.9,1,67,6.0,12.26,30.4,Alto
70.5,13.9,55.9,1,57,7.0,12.12,25.3,Alto
64.0,14.9,39.7,0,15,4.1,4.58,34.3,Moderado
58.3,17.0,33.8,0,152,5.1,33.13,27.4,Alto
85.1,21.5,54.7,1,226,6.6,43.22,29.5,Alto
60.5,17.1,54.3,1,11,7.5,2.5,33.1,Moderado
64.0,15.2,39.6,0,20,6.7,4.55,23.5,Bajo
68.1,20.9,74.2,1,237,7.1,35.8,23.5,Alto
67.3,11.8,69.6,1,40,5.3,10.1,25.6,Alto
62.8,13.2,45.4,0,17,5.8,4.3,23.6,Bajo
72.3,17.8,25.0,0,4,7.5,0.65,22.7,Bajo
73.3,11.9,64.1,1,6,5.6,1.32,30.5,Moderado
61.5,17.7,60.3,1,4,6.9,0.96,34.4,Moderado
64.2,15.3,38.5,0,59,6.0,13.32,33.9,Alto
59.2,17.4,60.5,1,86,6.7,14.23,28.4,Alto
63.9,17.7,49.0,0,15,7.4,2.4,24.6,Bajo
84.1,16.5,67.8,1,152,6.7,37.88,37.8,Alto
52.6,14.8,52.4,1,56,5.9,13.23,29.3,Alto
81.5,13.3,58.6,1,32,8.2,5.4,31.0,Alto
63.3,13.3,41.9,0,28,4.1,7.13,30.1,Alto
81.2,19.1,66.0,1,218,5.7,41.58,30.6,Alto
70.0,18.1,73.7,1,249,7.6,39.79,27.1,Alto
66.5,14.2,57.4,1,91,8.0,11.44,26.4,Alto
57.0,16.7,54.9,1,1,7.6,0.18,25.1,Moderado
58.5,18.4,48.0,0,203,4.9,41.82,33.0,Alto
54.2,16.8,38.1,0,1,6.6,0.31,23.8,Bajo
73.8,14.5,37.5,0,8,7.7,1.56,34.0,Moderado
65.2,17.9,71.7,1,111,7.2,23.9,22.1,Alto
68.3,13.4,47.0,0,0,5.4,0.16,20.5,Bajo
73.1,17.2,34.7,0,76,6.6,12.12,29.6,Moderado
69.0,13.3,47.6,0,12,6.8,1.93,36.1,Moderado
54.6,15.0,44.2,0,5,6.6,1.27,16.0,Bajo
66.6,17.3,53.0,0,66,6.9,12.95,35.6,Alto
59.1,17.5,55.7,1,41,6.8,6.83,24.2,Moderado
68.1,10.4,40.6,0,9,6.0,1.55,26.2,Bajo
68.8,20.3,61.1,1,228,7.3,32.58,34.6,Alto
66.8,18.1,54.6,1,148,6.5,28.56,29.4,Alto
61.3,12.1,42.2,0,28,7.5,5.22,21.8,Moderado
63.0,9.8,41.4,0,52,7.1,7.74,23.6,Moderado
55.8,21.5,29.8,0,73,6.5,12.44,21.0,Moderado
68.7,13.9,34.6,0,26,7.5,3.89,33.2,Moderado
84.1,15.4,59.3,1,79,6.3,17.56,33.3,Alto
65.8,16.6,41.1,0,32,6.1,6.59,28.7,Moderado
67.8,14.9,67.2,1,64,6.2,13.32,27.0,Alto
60.8,13.1,56.6,1,2,7.7,0.42,18.8,Bajo
84.4,16.1,60.8,1,3,5.6,0.92,36.9,Moderado
57.6,15.4,74.1,1,67,6.9,13.18,27.0,Alto
67.9,11.1,43.9,0,18,8.7,3.0,33.7,Moderado
74.3,19.3,59.6,1,8,4.9,2.3,31.5,Moderado
61.5,14.5,62.3,1,42,5.2,12.57,27.6,Alto
68.2,13.8,69.8,1,83,7.0,18.93,27.3,Alto
65.9,16.6,35.4,0,8,5.6,2.36,28.5,Bajo
62.5,11.2,27.6,0,9,6.5,1.69,32.9,Moderado
62.0,18.3,59.1,1,125,7.4,19.11,26.2,Alto
56.3,13.4,57.7,1,9,5.7,1.89,29.9,Moderado
71.9,16.9,57.7,1,79,8.1,10.56,28.4,Alto
80.1,12.9,58.1,1,10,4.4,2.42,30.6,Moderado
78.5,15.2,38.5,0,75,8.3,13.99,30.8,Alto
58.8,15.6,60.1,1,7,8.3,1.27,27.3,Moderado
73.7,19.7,69.9,1,157,5.9,27.38,33.9,Alto
68.8,14.2,68.7,1,16,6.0,4.7,34.7,Alto
55.5,15.3,59.3,1,131,7.7,17.52,33.3,Alto
70.8,13.5,49.4,0,52,6.7,11.9,22.7,Moderado
48.6,12.2,62.4,1,16,4.8,4.89,23.3,Moderado
54.0,12.1,61.4,1,6,7.3,1.01,19.4,Bajo
56.2,16.3,40.5,0,4,4.9,1.42,20.6,Bajo
61.3,15.0,26.6,0,2,5.9,0.37,23.2,Bajo
59.2,15.2,51.2,0,124,7.1,19.41,20.8,Alto
63.2,17.4,44.1,0,113,5.3,24.51,28.6,Alto
80.8,15.9,81.3,1,159,6.2,40.21,32.3,Alto
72.4,16.0,56.3,1,53,6.0,13.04,29.6,Alto
70.9,18.6,42.8,1,3,5.9,0.66,32.5,Moderado
77.4,16.7,78.6,1,293,7.5,40.86,27.1,Alto
61.2,15.5,38.0,0,40,4.9,12.61,24.0,Moderado
75.7,17.2,56.9,1,158,6.8,32.0,31.2,Alto
59.0,14.5,41.8,0,8,7.7,1.39,27.9,Bajo
57.6,17.9,47.7,0,6,7.8,1.29,17.0,Bajo
58.7,9.4,32.1,0,1,7.3,0.16,22.8,Bajo
59.7,14.7,45.8,0,23,6.1,4.09,24.4,Bajo
61.2,16.5,36.9,0,1,7.3,0.23,23.9,Bajo
50.2,11.9,38.2,0,1,8.1,0.39,23.3,Bajo
59.1,19.1,51.6,1,19,4.1,7.39,29.2,Alto
73.9,17.8,72.0,1,260,7.6,36.28,33.6,Alto
54.6,13.5,38.1,0,19,6.7,4.69,27.6,Moderado
74.7,18.0,76.1,1,124,7.5,19.5,22.6,Alto
56.8,18.8,46.6,0,58,9.3,7.62,36.3,Alto
74.4,17.0,61.2,1,121,6.9,28.62,23.5,Alto
61.9,17.7,50.7,1,6,6.5,1.08,37.7,Moderado
62.1,18.4,46.0,0,38,7.2,7.73,36.4,Alto
71.5,16.3,76.4,1,201,6.7,41.44,29.0,Alto
67.0,16.3,65.4,1,83,4.5,21.74,22.3,Alto
67.0,15.7,62.4,1,23,7.3,4.4,28.8,Moderado
65.5,16.9,72.0,1,37,4.6,10.51,20.3,Alto
63.3,16.3,43.5,0,42,5.3,11.72,24.8,Moderado
57.8,13.1,51.5,1,13,5.5,3.91,29.9,Moderado
64.2,11.7,49.5,0,9,6.0,2.09,26.9,Bajo
69.6,14.0,26.0,0,18,7.3,3.63,16.0,Bajo
59.2,13.0,61.7,1,40,5.7,7.97,30.6,Alto
61.3,13.4,32.8,0,9,5.7,2.19,33.1,Moderado
70.5,16.0,60.6,1,51,5.5,11.35,36.9,Alto
77.9,14.4,38.1,0,17,6.8,4.16,25.1,Moderado
65.5,14.9,53.9,0,17,5.3,4.23,27.8,Moderado
83.8,14.8,55.3,1,59,7.7,9.32,20.2,Moderado
73.4,16.4,71.9,1,69,7.1,14.08,32.5,Alto
71.3,20.2,52.7,0,170,6.7,25.65,23.4,Alto
55.6,15.8,57.0,1,24,7.7,3.4,30.9,Moderado
70.5,19.1,68.8,1,180,5.9,42.16,28.9,Alto
58.2,14.8,65.0,1,75,8.1,12.92,25.1,Alto
63.3,18.6,48.8,1,19,6.8,3.68,31.8,Moderado
56.0,12.2,54.6,0,7,5.6,1.85,26.9,Bajo
68.5,15.2,38.1,0,32,8.5,4.79,20.6,Bajo
61.6,15.1,43.1,0,3,6.9,0.59,37.5,Bajo
63.9,16.7,61.5,1,117,6.9,19.77,25.2,Alto
72.7,16.2,38.8,0,83,6.1,21.21,25.7,Alto
72.0,11.7,71.1,1,130,6.5,26.79,29.6,Alto
53.6,15.2,41.0,0,31,7.1,5.07,35.7,Alto
66.4,16.1,34.1,0,10,5.9,1.87,35.4,Moderado
67.4,17.0,53.9,1,57,5.8,14.72,31.6,Alto
65.7,14.8,48.9,0,2,3.6,0.68,26.6,Bajo
69.6,12.6,54.1,1,74,6.3,14.6,24.5,Moderado
71.1,9.5,52.0,1,71,6.4,11.81,22.1,Moderado
64.2,14.6,52.4,0,38,5.2,7.83,31.2,Alto
63.9,15.9,71.4,1,13,5.0,2.85,33.5,Moderado
63.4,16.3,50.5,0,4,5.7,0.74,23.5,Bajo
64.3,14.1,53.4,1,47,8.6,7.37,20.9,Moderado
76.7,18.3,59.4,1,6,6.3,1.44,32.8,Moderado
58.9,18.3,66.1,1,10,5.7,1.8,28.8,Moderado
66.3,18.4,36.8,0,9,5.2,2.06,25.7,Bajo
83.4,17.4,64.6,1,237,8.7,39.0,33.0,Alto
60.0,12.2,61.2,1,46,6.9,10.0,21.3,Moderado
78.8,18.5,40.2,0,99,5.9,16.89,31.2,Alto
69.2,12.9,72.6,1,13,7.6,2.82,29.0,Moderado
66.9,17.6,52.3,1,38,5.3,7.98,29.2,Alto
67.5,16.0,55.5,1,23,9.3,4.18,31.0,Moderado
81.1,16.0,54.4,1,124,6.2,31.18,30.1,Alto
56.2,18.1,45.5,0,1,5.5,0.29,28.9,Bajo
70.7,13.5,37.5,0,63,7.0,9.57,28.7,Moderado
63.7,16.1,59.1,1,12,6.2,2.9,29.5,Moderado
62.9,10.8,44.6,0,29,5.4,8.03,24.1,Moderado
60.1,12.1,40.4,0,61,6.4,10.28,20.0,Moderado
71.6,13.1,44.1,0,30,5.0,9.79,23.9,Moderado
66.5,16.1,56.4,1,51,6.1,9.67,21.1,Moderado
65.0,15.2,40.8,0,64,6.8,10.11,16.7,Moderado
61.6,19.9,40.7,0,37,8.2,6.21,24.0,Moderado
57.7,16.1,39.8,0,6,6.1,1.54,32.5,Moderado
77.3,15.9,55.7,1,73,7.5,13.71,21.8,Moderado
77.3,18.0,66.3,1,124,7.0,20.09,24.8,Alto
73.9,18.4,69.6,1,194,6.1,44.68,27.2,Alto
72.4,22.0,71.5,1,223,6.5,41.03,20.8,Alto
70.1,9.0,37.3,0,27,6.3,5.27,23.9,Moderado
69.1,12.8,48.9,0,19,4.9,6.65,25.6,Moderado
57.4,15.9,38.8,0,11,7.5,2.41,26.4,Bajo
70.2,16.1,58.6,1,29,6.4,5.4,26.8,Alto
56.0,17.4,58.2,1,15,8.7,2.03,28.2,Moderado
72.7,14.1,62.0,1,140,7.6,22.62,31.3,Alto
56.7,18.6,38.9,0,39,6.1,8.67,27.5,Moderado
68.2,23.8,68.4,1,157,7.3,26.79,28.9,Alto
60.6,15.9,36.1,0,31,5.4,7.78,25.4,Moderado
57.4,16.8,35.8,0,49,4.5,11.86,25.4,Moderado
60.5,14.4,39.7,0,3,5.0,1.03,26.6,Bajo
72.8,17.8,42.9,0,101,6.0,22.22,24.4,Alto
74.1,17.7,36.9,0,7,7.7,1.16,25.9,Bajo
64.1,21.1,50.2,0,242,8.6,33.06,18.3,Alto
85.5,17.0,65.0,1,155,5.7,44.96,18.7,Alto
62.5,18.3,57.8,1,61,7.7,10.99,32.6,Alto
61.1,15.0,37.7,0,12,4.9,3.32,22.6,Bajo
73.0,13.8,46.0,0,28,7.3,6.46,31.4,Alto
62.3,12.9,46.1,0,66,8.6,7.94,20.7,Moderado
60.9,11.7,28.6,0,7,6.7,1.41,25.0,Bajo
63.5,14.4,50.4,0,0,4.6,0.22,29.0,Bajo
80.0,17.3,40.2,0,34,4.8,9.57,31.3,Alto
63.0,15.0,49.3,0,36,6.3,8.71,23.1,Moderado
67.7,15.8,66.2,1,12,5.9,2.54,21.4,Moderado
54.4,17.3,52.8,0,2,6.0,0.55,26.1,Bajo
70.6,12.8,60.5,1,41,6.8,6.84,34.2,Alto
60.9,11.8,51.0,0,24,5.8,4.72,28.4,Moderado
66.7,14.9,58.8,0,92,7.1,13.89,24.5,Moderado
58.9,13.1,53.7,0,22,8.9,2.67,26.4,Moderado
62.0,13.1,55.0,1,55,6.8,13.58,28.1,Alto
65.5,15.1,47.4,0,84,7.1,13.49,26.3,Moderado
68.6,14.7,40.8,0,47,6.6,8.07,37.2,Alto
88.3,8.2,64.2,1,75,7.1,11.89,34.6,Alto
69.6,13.2,49.5,1,10,7.3,2.3,25.3,Moderado
78.2,16.2,45.7,0,17,6.5,3.84,31.7,Moderado
85.0,18.9,59.5,1,55,6.0,12.19,32.1,Alto
69.4,18.6,44.9,0,104,5.1,22.82,25.5,Alto
75.8,17.3,58.5,1,68,6.3,15.67,30.0,Alto
67.6,14.8,53.4,0,16,7.4,3.33,21.1,Bajo
56.4,13.6,59.0,1,11,5.3,3.28,29.8,Moderado
72.2,15.7,37.6,0,114,8.3,13.96,27.9,Moderado
58.1,12.7,54.9,1,47,6.1,10.37,18.9,Moderado
70.5,16.9,54.4,1,156,6.9,29.45,31.0,Alto
64.2,15.5,43.7,0,18,6.7,2.76,32.9,Moderado
58.3,22.7,56.3,1,106,7.3,15.27,28.1,Alto
75.1,14.8,69.7,1,12,4.6,3.01,36.9,Alto
60.7,16.3,61.3,1,154,8.0,28.79,16.4,Alto
78.4,14.5,64.7,1,25,6.3,5.89,33.7,Alto
58.3,15.4,72.0,1,53,6.2,9.96,27.3,Alto
62.8,13.6,58.0,1,7,7.3,1.21,32.2,Moderado
72.9,11.2,46.9,0,52,6.1,8.86,31.3,Alto
77.9,13.1,46.5,0,16,7.0,2.71,27.6,Moderado
59.8,16.5,40.7,0,15,6.2,3.04,28.9,Moderado
53.8,14.8,69.9,1,61,6.6,12.83,25.7,Alto
69.0,18.6,64.8,1,121,6.5,22.7,25.1,Alto
64.5,12.0,40.7,0,14,6.4,2.3,31.2,Moderado
73.1,18.1,63.6,1,176,5.6,36.29,28.0,Alto
58.4,15.5,65.5,1,10,5.3,2.43,31.6,Moderado
64.9,19.0,51.2,0,17,7.7,3.11,33.8,Moderado
68.4,13.0,42.1,0,14,6.9,3.36,27.4,Bajo
61.9,14.6,71.9,1,6,5.8,1.48,34.9,Moderado
65.5,14.7,59.1,1,68,5.6,18.82,30.1,Alto
63.6,20.8,54.8,0,167,7.2,24.97,35.5,Alto
77.9,17.8,65.1,1,198,7.1,44.91,33.2,Alto
64.7,14.7,57.7,1,65,7.2,9.83,36.2,Alto
60.3,15.2,38.6,0,22,7.4,3.29,23.9,Bajo
55.1,12.7,45.1,0,3,4.4,1.3,33.7,Moderado
72.3,19.1,65.6,1,131,8.0,22.71,33.6,Alto
65.9,17.1,38.7,0,33,5.7,9.23,37.5,Alto
54.8,17.0,47.2,0,32,4.9,7.29,33.2,Alto
56.5,15.8,48.3,0,59,6.5,11.89,18.1,Moderado
69.8,14.0,66.3,1,145,6.7,27.71,32.0,Alto
61.3,19.2,55.9,1,74,6.0,12.7,24.7,Moderado
67.1,20.1,31.8,0,143,7.9,19.51,18.9,Alto
54.5,19.0,67.9,1,11,5.4,2.62,28.1,Moderado
52.6,11.2,43.3,0,5,6.1,1.26,16.2,Bajo
82.2,14.9,61.5,1,41,5.5,8.44,35.8,Alto
56.5,15.0,47.0,0,24,6.2,4.11,29.6,Moderado
59.6,15.7,59.9,1,6,6.4,1.34,25.6,Moderado
65.0,14.5,44.3,0,19,6.9,3.15,27.1,Moderado
66.4,14.5,38.0,0,12,8.5,1.48,29.8,Bajo
65.5,16.1,34.9,0,2,7.1,0.44,41.8,Bajo
74.9,15.0,65.4,1,57,6.7,13.69,23.8,Alto
72.2,12.2,38.9,0,10,7.8,2.27,32.0,Moderado
69.7,15.7,55.9,1,23,6.7,5.83,29.2,Alto
62.5,18.3,35.2,0,55,4.8,13.28,25.7,Moderado
86.5,16.6,69.0,1,155,5.9,32.26,25.6,Alto
63.2,18.0,48.7,0,68,4.8,17.95,27.3,Alto
71.5,19.4,67.2,1,50,6.4,8.21,28.9,Alto
66.6,13.9,32.7,0,70,7.3,12.39,30.6,Alto
64.9,14.9,33.3,0,7,7.5,1.39,29.7,Bajo
64.0,13.1,57.7,1,63,7.3,12.96,28.8,Alto
63.0,12.3,61.7,1,24,6.4,5.34,38.0,Alto
63.7,12.8,46.1,0,24,5.6,7.17,37.0,Alto
61.6,18.0,37.6,0,1,7.3,0.21,29.4,Bajo
76.9,15.3,64.0,1,144,5.7,33.41,31.0,Alto
63.2,11.4,33.7,0,6,7.0,0.86,18.3,Bajo
66.0,17.7,42.6,0,3,7.8,0.52,33.1,Bajo
67.2,16.4,34.8,0,80,6.6,14.6,22.0,Moderado
81.2,16.0,36.3,0,37,5.3,8.21,33.6,Alto
62.9,14.5,47.0,0,52,5.5,11.73,28.9,Moderado
63.8,13.9,68.8,1,63,6.2,13.33,27.5,Alto
66.9,12.5,43.1,0,95,8.0,14.32,19.7,Moderado
69.7,16.9,69.4,1,162,7.6,26.49,29.5,Alto
59.7,15.9,49.1,0,11,8.2,2.07,16.0,Bajo
67.0,13.9,34.5,0,22,5.8,4.54,16.9,Bajo
78.1,13.0,67.5,1,256,7.5,41.32,25.9,Alto
74.6,14.4,50.1,1,56,5.4,12.12,38.2,Alto
64.9,15.9,53.8,0,11,7.7,2.47,29.9,Bajo
62.2,19.7,42.0,0,9,6.0,2.51,22.9,Bajo
76.0,16.7,59.6,1,237,7.2,41.78,22.8,Alto
67.4,19.4,51.9,0,9,6.0,2.11,30.1,Moderado
76.1,19.1,67.9,1,259,8.2,35.34,22.2,Alto
61.5,17.6,31.0,0,175,7.6,32.42,24.0,Alto
72.7,12.9,36.8,0,5,4.0,1.63,20.2,Bajo
69.2,11.3,61.5,1,13,5.7,3.3,23.4,Bajo
62.9,16.6,72.7,1,126,6.0,33.2,29.7,Alto
69.6,12.9,58.0,1,76,7.2,13.65,33.9,Alto
71.9,15.2,46.1,0,37,6.9,5.8,34.9,Alto
59.1,7.9,54.4,1,3,7.3,0.49,35.5,Moderado
79.4,14.8,59.0,1,8,6.6,2.07,32.4,Moderado
65.1,18.9,67.4,1,186,6.2,30.55,27.3,Alto
67.5,16.1,64.4,1,38,6.6,9.31,34.1,Alto
63.5,16.2,25.0,0,5,5.7,1.37,22.0,Bajo
47.4,16.0,58.4,1,2,6.6,0.45,29.1,Moderado
52.7,15.4,32.5,0,10,8.2,1.51,29.1,Bajo
67.9,16.8,68.4,1,62,6.0,11.17,28.2,Alto
75.1,16.8,27.8,0,9,6.7,1.4,24.7,Bajo
56.4,18.9,35.0,0,12,6.6,2.9,19.7,Bajo
73.8,14.1,36.6,0,56,7.0,8.11,31.9,Alto
55.5,13.1,54.9,1,46,7.2,6.91,30.3,Alto
55.0,16.1,48.3,1,9,7.3,1.4,25.8,Moderado
75.1,18.7,63.1,1,60,7.1,9.23,35.2,Alto
66.8,17.2,45.5,0,2,5.5,0.44,37.1,Bajo
73.1,15.2,53.0,1,53,6.7,11.36,37.5,Alto
71.9,15.4,58.8,1,46,4.5,10.49,24.7,Alto
62.4,17.1,38.3,0,10,7.5,1.87,28.0,Bajo
68.5,18.3,68.9,1,73,4.2,18.08,22.5,Alto
73.5,14.8,60.8,1,105,6.2,20.78,22.9,Alto
66.0,14.3,72.4,1,104,7.0,17.13,22.6,Alto
86.4,18.6,64.2,1,364,10.0,42.4,30.1,Alto
63.5,10.4,40.1,0,5,4.7,2.05,27.3,Bajo
64.8,14.7,55.8,1,38,7.6,5.26,18.5,Moderado
61.0,18.3,30.3,0,50,4.7,12.9,24.1,Moderado
72.2,16.9,46.3,0,53,5.9,13.69,24.0,Moderado
74.5,18.9,64.0,1,63,7.2,11.83,29.8,Alto
74.1,18.6,76.8,1,184,6.0,32.88,20.3,Alto
64.8,13.8,53.0,1,157,6.7,37.18,17.7,Alto
69.4,18.0,53.6,1,18,6.3,3.4,25.8,Moderado
65.2,23.1,53.2,1,145,7.7,20.42,30.2,Alto
67.8,12.6,46.7,1,10,5.3,2.94,31.0,Moderado
70.5,16.9,55.0,0,52,7.3,11.82,23.9,Moderado
64.9,17.6,47.0,1,21,7.0,4.32,27.6,Moderado
62.9,16.2,57.9,1,38,7.0,6.09,24.8,Moderado
68.9,12.4,46.6,0,66,5.5,13.87,23.1,Moderado
70.6,17.6,52.0,0,228,7.2,43.4,25.6,Alto
61.3,15.2,38.2,0,80,6.9,13.09,17.2,Moderado
68.4,15.0,33.6,0,32,5.4,7.63,31.6,Alto
87.6,18.2,57.3,1,241,6.2,38.93,32.8,Alto
62.1,13.1,44.4,0,21,6.8,4.3,28.8,Moderado
64.6,17.8,62.3,1,54,6.6,9.99,28.5,Alto
49.9,11.2,60.4,1,16,7.5,3.75,23.6,Moderado
65.7,15.9,41.9,0,34,6.0,6.69,22.9,Moderado
70.4,16.7,54.3,1,91,7.4,19.21,39.2,Alto
62.6,13.7,49.7,0,6,5.8,1.54,34.0,Moderado
68.2,13.1,60.0,1,12,7.7,2.49,19.7,Bajo
67.4,12.5,57.7,1,76,8.1,14.81,30.3,Alto
50.9,15.4,41.6,0,19,6.6,4.38,24.6,Bajo
73.7,18.0,66.3,1,155,6.8,27.62,25.6,Alto
78.0,12.5,47.6,0,14,7.4,2.33,30.9,Moderado
74.6,17.7,46.4,0,216,8.0,40.49,25.1,Alto
53.9,17.5,58.7,1,4,4.6,1.14,22.9,Bajo
69.3,16.0,34.3,0,42,7.2,8.53,24.2,Moderado
61.3,11.7,60.1,1,5,5.2,1.15,29.1,Moderado
65.1,17.1,63.7,1,140,6.4,23.71,26.0,Alto
73.9,14.4,48.7,0,69,6.7,12.65,23.8,Moderado
59.6,19.2,37.6,0,52,6.9,9.92,20.7,Moderado
86.4,9.6,46.1,0,0,7.1,0.06,34.3,Moderado
62.5,14.1,39.4,0,24,6.6,4.63,25.8,Moderado
74.4,16.0,41.7,0,57,5.0,12.41,22.9,Moderado
69.6,18.4,57.1,1,150,5.8,34.72,29.8,Alto
81.4,16.1,74.6,1,219,6.5,38.91,22.0,Alto
67.9,18.8,61.4,1,75,7.5,11.31,27.1,Alto
52.7,17.6,56.8,1,23,7.3,3.4,23.7,Moderado
61.6,17.4,42.7,0,40,7.1,8.73,29.4,Moderado
66.6,19.1,61.5,1,38,6.4,6.93,30.3,Alto
72.6,14.8,53.3,1,43,6.6,7.5,27.2,Alto
77.3,18.6,67.2,1,22,6.4,4.72,26.8,Moderado
47.3,13.4,36.1,0,24,7.5,3.41,32.9,Moderado
74.7,9.8,58.1,1,60,5.4,13.65,30.9,Alto
66.9,11.7,35.4,0,22,6.1,3.7,23.2,Bajo
69.1,14.8,30.1,0,54,4.7,12.23,24.5,Moderado
59.4,16.9,38.8,0,6,5.2,1.73,27.6,Bajo
80.2,16.3,72.0,1,314,7.7,40.87,31.6,Alto
51.3,14.8,42.9,0,44,8.6,8.36,19.7,Moderado
63.8,15.6,38.7,0,7,6.6,1.82,28.3,Bajo
72.8,20.5,58.1,1,73,6.4,13.54,26.6,Alto
76.2,15.9,33.5,0,5,5.1,1.64,32.7,Moderado
70.5,16.9,70.4,1,221,6.7,43.26,25.7,Alto
76.0,16.8,65.7,1,120,7.0,24.67,28.3,Alto
67.1,16.0,45.7,0,36,5.6,10.11,21.4,Moderado
78.1,18.3,61.8,1,240,7.8,33.85,29.1,Alto
61.4,14.5,29.5,0,10,6.8,1.67,31.8,Moderado
76.2,18.2,37.3,0,1,6.9,0.26,24.5,Bajo
45.3,19.0,45.4,0,83,6.5,13.14,28.6,Moderado
64.4,16.2,61.9,1,50,7.7,7.7,37.5,Alto
64.7,15.8,49.8,1,27,5.5,6.21,30.3,Alto
69.4,16.8,54.2,1,22,7.1,4.07,28.7,Moderado
75.4,18.1,70.9,1,218,6.3,34.84,32.0,Alto
60.6,11.0,56.9,1,121,6.4,30.65,21.4,Alto
61.4,10.0,41.7,0,47,6.3,9.49,24.7,Moderado
64.8,18.7,59.5,1,112,6.8,22.46,27.4,Alto
64.3,18.7,32.9,0,30,6.0,5.76,26.6,Moderado
55.0,14.2,49.4,0,0,4.8,0.1,29.0,Bajo
69.1,13.0,34.1,0,2,6.6,0.46,24.5,Bajo
73.0,15.2,74.9,1,88,5.1,17.92,32.4,Alto
54.7,18.5,44.2,0,10,7.9,1.67,39.0,Moderado
62.2,12.1,41.2,0,21,7.2,3.67,28.0,Moderado
61.0,18.0,60.4,1,22,7.0,3.7,23.3,Moderado
79.0,16.5,75.9,1,45,6.1,9.8,27.9,Alto
68.1,17.4,64.9,1,110,4.5,30.83,22.8,Alto
45.2,12.3,53.0,1,16,7.2,3.75,27.1,Moderado
54.0,14.8,51.6,1,45,5.4,11.98,22.9,Moderado
69.5,19.5,70.7,1,45,7.6,9.63,22.3,Alto
70.3,15.4,34.2,0,15,6.8,2.57,30.5,Moderado
63.9,13.3,54.8,1,62,6.5,11.95,26.4,Alto
89.6,17.8,66.8,1,211,5.3,40.2,37.8,Alto
62.7,18.1,78.1,1,143,6.1,24.5,25.8,Alto
67.8,12.3,45.3,0,15,6.1,2.96,27.5,Moderado
66.8,17.3,48.8,1,2,6.7,0.54,18.0,Bajo
62.5,13.4,77.9,1,9,4.7,2.13,38.4,Moderado
85.5,19.7,72.1,1,210,6.6,33.93,36.8,Alto
64.1,11.9,54.1,1,13,6.1,2.37,34.3,Moderado
61.4,14.9,47.9,1,1,7.8,0.19,18.0,Bajo
58.2,15.6,39.9,0,16,6.5,3.89,24.6,Bajo
63.0,16.8,32.5,0,67,7.6,12.02,18.5,Moderado
53.3,13.9,56.0,1,21,6.1,5.7,36.0,Alto
68.7,14.2,57.6,1,39,6.9,7.99,24.5,Moderado
73.9,12.5,62.3,1,2,3.9,0.9,30.2,Moderado
71.0,18.9,40.5,0,42,8.7,7.57,30.7,Alto
67.6,16.8,28.2,0,8,5.0,2.33,27.5,Bajo
71.4,10.8,51.3,0,16,5.9,2.84,21.3,Bajo
73.8,15.1,42.7,0,20,7.2,3.31,30.5,Moderado
68.0,18.1,72.8,1,84,8.7,11.81,35.5,Alto
67.2,13.8,53.0,0,63,6.6,10.61,26.7,Moderado
58.4,14.3,44.4,0,49,6.3,8.45,24.4,Moderado
71.0,18.1,58.9,1,39,5.0,11.09,34.2,Alto
59.4,14.2,68.3,1,9,6.9,2.15,25.4,Moderado
59.5,14.0,73.8,1,1,7.0,0.21,26.8,Moderado
73.8,12.7,53.3,0,41,6.0,10.15,31.2,Alto
69.6,15.0,64.3,1,44,3.7,14.77,31.8,Alto
71.8,15.9,40.6,0,41,7.5,6.79,32.2,Alto
65.4,15.8,64.0,1,58,5.5,15.41,32.4,Alto
71.2,18.1,37.8,0,27,6.4,6.82,24.4,Moderado
51.2,20.1,69.1,1,7,5.4,2.05,23.4,Moderado
62.0,14.5,53.4,1,17,4.2,4.79,22.6,Moderado
65.4,19.4,55.6,1,118,7.1,16.94,20.8,Alto
58.7,16.2,69.9,1,18,6.0,5.14,26.1,Alto
67.5,19.2,55.3,1,91,6.0,20.74,24.0,Alto
63.2,15.2,63.1,1,2,6.5,0.39,26.1,Moderado
62.4,15.2,39.4,0,19,6.7,4.2,33.0,Moderado
66.4,13.3,60.0,1,94,7.7,14.58,27.5,Alto
61.5,17.5,47.7,0,120,8.2,14.72,24.6,Moderado
79.2,16.3,60.7,1,113,5.7,24.7,30.1,Alto
60.2,14.6,54.2,1,6,4.8,1.78,21.9,Moderado
54.7,12.9,36.9,0,11,8.0,2.0,28.1,Bajo
84.4,17.8,79.8,1,135,5.8,35.79,29.6,Alto
65.9,18.6,69.4,1,41,5.4,10.2,25.5,Alto
64.4,19.7,66.4,1,68,5.6,19.24,29.2,Alto
58.0,12.9,56.5,1,26,5.8,5.0,20.0,Moderado
52.9,14.8,62.8,1,28,5.8,7.1,24.0,Moderado
69.2,12.8,45.3,0,42,5.5,8.33,26.9,Moderado
72.9,23.4,66.5,1,77,5.0,20.21,28.2,Alto
62.5,13.5,50.9,0,66,8.0,13.15,18.3,Moderado
73.0,14.3,59.9,1,13,6.2,2.24,32.5,Moderado
60.7,15.6,32.5,0,12,7.3,2.57,28.4,Bajo
66.6,14.6,73.0,1,185,6.0,36.31,29.1,Alto
69.1,13.8,39.9,0,27,6.8,5.5,22.1,Moderado
73.5,11.2,62.5,1,46,6.0,8.09,31.8,Alto
52.2,12.6,41.7,0,4,6.8,0.73,29.2,Bajo
79.0,11.7,39.2,0,65,7.3,10.94,31.9,Alto
73.5,16.6,50.4,1,57,7.0,9.3,36.4,Alto
82.8,21.1,64.6,1,124,6.0,27.28,23.4,Alto
58.6,12.1,53.3,0,24,6.2,4.0,26.0,Moderado
61.9,12.2,38.6,0,58,6.4,11.95,28.5,Moderado
82.9,14.3,39.5,0,76,7.5,11.44,26.8,Moderado
54.4,22.1,51.8,1,174,8.7,21.47,31.2,Alto
69.5,16.8,53.2,0,14,7.5,3.31,20.1,Bajo
71.9,13.1,79.9,1,159,5.9,29.59,24.2,Alto
64.3,14.1,39.2,0,73,6.0,13.2,22.5,Moderado
79.1,12.3,60.9,1,107,5.9,23.68,38.9,Alto
61.8,19.5,59.1,1,114,5.9,26.85,22.0,Alto
73.4,14.6,63.6,1,52,7.8,8.29,31.2,Alto
60.4,12.3,73.7,1,8,6.3,2.28,27.3,Moderado
71.0,14.9,39.7,0,8,5.3,1.96,27.6,Bajo
63.8,14.3,58.7,1,92,7.1,16.82,26.0,Alto
63.5,17.1,58.8,1,144,6.3,32.15,23.4,Alto
76.7,14.1,56.0,1,63,5.2,12.35,24.6,Moderado
69.6,17.2,65.6,1,219,7.3,32.45,39.4,Alto
75.5,15.3,64.6,1,41,4.4,12.7,22.5,Alto
77.9,19.1,42.4,0,138,5.6,39.12,24.6,Alto
66.7,11.3,73.1,1,69,7.5,9.33,29.1,Alto
62.0,19.2,52.4,0,23,6.9,4.82,40.0,Moderado
62.6,16.7,40.6,0,20,7.6,2.78,22.1,Bajo
59.6,12.4,42.6,0,20,7.3,4.06,24.1,Bajo
80.2,15.0,32.2,0,20,7.6,2.83,33.0,Moderado
75.2,10.2,49.9,0,27,6.2,4.82,25.6,Moderado
79.4,14.8,39.4,0,36,4.8,8.88,20.1,Moderado
79.8,15.3,34.8,0,138,6.7,27.61,32.6,Alto
59.4,14.1,53.3,1,58,5.8,12.35,21.9,Moderado
76.4,15.9,61.3,1,111,6.0,21.83,20.4,Alto
65.8,11.4,47.9,0,42,5.7,9.93,29.0,Moderado
78.2,16.9,71.0,1,170,6.7,39.17,32.7,Alto
51.4,13.3,39.7,0,38,6.0,7.78,24.4,Moderado
79.8,19.0,69.2,1,202,8.6,32.2,23.4,Alto
67.1,19.9,44.1,0,71,8.2,9.89,18.0,Moderado
63.4,16.9,70.9,1,47,6.1,11.82,22.0,Alto
65.6,18.0,28.3,0,50,5.4,13.36,17.7,Moderado
72.1,16.5,66.1,1,47,5.6,8.93,25.1,Alto
73.6,16.8,65.7,1,96,6.1,17.41,38.9,Alto
59.2,17.2,52.9,0,4,7.9,0.77,30.1,Bajo
73.2,13.0,62.9,1,26,6.1,5.21,34.6,Alto
65.9,20.2,63.6,1,129,6.1,31.31,30.4,Alto
68.2,12.9,42.5,0,58,4.8,14.33,25.4,Moderado
67.2,12.6,36.5,0,12,6.8,2.01,27.4,Bajo
53.6,13.9,37.3,0,0,6.3,0.1,19.6,Bajo
65.9,17.5,65.3,1,45,6.4,9.68,28.4,Alto
77.8,16.0,43.3,0,47,7.7,9.02,27.5,Moderado
62.6,12.9,62.0,1,3,6.0,0.75,24.2,Bajo
70.4,16.9,65.7,1,7,6.8,1.37,26.5,Moderado
57.8,14.4,28.1,0,1,5.1,0.36,27.2,Bajo
82.7,15.4,44.3,0,23,6.8,4.65,31.9,Moderado
75.1,15.9,34.8,0,20,6.2,5.36,17.1,Moderado
59.6,17.6,65.3,1,48,8.0,8.22,28.2,Alto
53.1,12.4,73.3,1,13,7.0,2.13,26.5,Moderado
58.1,16.3,61.1,1,77,4.7,23.87,22.1,Alto
49.4,16.7,36.1,0,25,7.0,4.46,32.4,Moderado
62.5,11.3,51.9,1,43,6.3,8.81,30.0,Alto
78.5,16.3,68.3,1,83,5.3,23.64,33.4,Alto
67.0,16.2,65.6,1,30,4.8,9.6,27.7,Alto
66.0,12.2,64.4,1,1,5.7,0.25,35.4,Moderado
76.0,17.5,61.7,1,148,6.8,31.1,27.7,Alto
76.4,12.2,54.7,1,49,7.7,7.65,34.2,Alto
76.4,14.4,59.8,1,70,3.6,27.95,31.5,Alto
72.1,14.9,58.5,1,61,6.9,13.32,27.5,Alto
69.0,14.6,42.9,0,16,5.1,4.71,26.4,Moderado
69.9,16.1,36.4,0,27,6.6,4.2,27.8,Moderado
65.5,11.1,63.5,1,11,8.0,2.22,27.3,Moderado
75.6,22.1,33.6,0,96,6.5,20.91,30.4,Alto
60.0,12.6,26.8,0,17,8.8,2.12,18.1,Bajo
64.0,16.2,35.8,0,66,7.3,11.28,24.2,Moderado
64.8,14.9,46.4,0,28,6.3,4.78,23.0,Bajo
64.1,16.6,52.6,1,9,7.6,1.95,29.5,Moderado
56.7,12.8,39.0,0,71,7.7,11.27,23.9,Moderado
74.0,18.5,46.2,0,241,5.8,42.37,25.5,Alto
56.1,11.3,61.9,1,21,5.8,4.44,25.4,Moderado
79.3,15.5,65.6,1,121,5.7,28.38,31.4,Alto
69.5,16.1,44.1,0,20,7.0,3.42,20.1,Bajo
71.5,15.4,65.6,1,23,7.3,4.21,35.8,Alto
67.9,17.2,42.6,0,4,6.3,1.02,23.0,Bajo
58.8,18.9,62.3,1,47,8.2,6.83,22.7,Moderado
63.5,19.0,32.8,0,2,5.8,0.48,19.0,Bajo
57.7,11.7,40.4,0,179,6.2,31.22,26.0,Alto
69.3,13.5,40.9,0,13,6.5,3.07,33.3,Moderado
77.5,14.7,36.4,0,137,7.0,28.6,25.9,Alto
72.2,18.2,40.6,0,45,8.2,9.15,23.8,Moderado
72.2,17.7,37.5,0,84,7.0,13.82,28.8,Moderado
62.0,16.6,37.6,0,34,6.6,5.4,23.2,Moderado
77.0,10.4,53.0,1,92,8.1,13.21,19.0,Moderado
65.1,14.8,39.0,0,59,6.8,12.22,34.2,Alto
57.7,13.3,36.9,0,17,7.5,3.1,22.6,Bajo
64.9,12.5,60.7,1,22,7.3,4.83,24.7,Moderado
82.8,18.4,61.1,1,30,5.3,9.29,31.7,Alto
69.1,17.8,26.6,0,4,5.1,1.34,26.4,Bajo
80.6,16.5,63.0,1,184,6.9,27.23,28.6,Alto
53.9,15.2,79.0,1,55,6.5,11.96,29.5,Alto
57.4,18.7,47.4,0,13,6.5,2.49,26.3,Bajo
59.2,17.4,48.0,0,25,5.5,6.69,24.5,Moderado
57.7,12.4,28.7,0,5,6.5,1.03,25.7,Bajo
55.7,15.5,42.6,0,15,4.5,3.81,27.0,Moderado
67.1,16.9,36.6,0,20,6.3,4.34,20.7,Bajo
70.8,15.1,54.8,1,90,6.5,19.08,20.0,Alto
60.4,17.0,48.2,0,3,7.0,0.79,36.8,Bajo
69.8,16.6,68.1,1,47,7.3,8.35,28.4,Alto
67.7,15.3,47.9,0,71,6.3,12.15,28.0,Moderado
69.1,10.1,43.4,1,1,6.9,0.3,30.1,Moderado
69.2,17.6,54.5,1,71,5.6,21.18,17.5,Alto
83.6,17.0,39.0,0,108,5.3,21.34,31.8,Alto
62.3,15.7,67.0,1,70,7.4,9.64,25.5,Alto
64.1,16.7,48.5,0,43,7.2,6.19,24.4,Moderado
62.5,11.6,37.9,0,5,7.3,0.76,23.5,Bajo
67.4,15.8,59.0,1,0,6.0,0.13,21.9,Bajo
80.6,11.4,64.6,1,46,6.6,9.72,31.7,Alto
45.5,15.4,71.1,1,57,7.8,10.99,34.2,Alto
64.5,17.8,42.1,0,39,6.4,9.7,29.4,Moderado
60.3,13.5,37.1,0,18,6.8,3.14,22.1,Bajo
71.8,12.2,57.8,1,15,7.0,2.3,24.9,Moderado
73.3,18.3,58.4,1,105,6.7,16.47,33.1,Alto
75.6,15.5,60.3,1,101,8.8,14.55,30.5,Alto
64.0,15.5,46.0,0,2,5.7,0.5,20.8,Bajo
67.0,12.8,36.3,0,56,5.6,13.41,23.4,Moderado
65.2,16.7,38.6,0,41,6.7,9.52,26.5,Moderado
70.8,14.1,52.8,1,57,6.3,14.86,28.2,Alto
63.8,16.0,33.1,0,7,6.8,1.78,22.9,Bajo
64.9,17.0,37.7,0,254,7.4,43.39,26.6,Alto
82.9,16.0,73.8,1,200,5.9,44.75,30.5,Alto
64.0,13.2,34.2,0,3,6.7,0.5,24.9,Bajo
82.9,19.1,49.8,1,165,5.5,31.33,35.0,Alto
75.3,16.0,65.2,1,27,4.9,7.68,16.0,Alto
68.7,16.6,71.8,1,52,6.4,10.01,30.5,Alto
67.9,16.8,50.4,1,86,5.3,19.11,18.6,Alto
62.5,13.5,65.3,1,81,7.2,12.05,22.8,Alto
66.1,16.2,41.6,0,60,5.7,11.86,23.3,Moderado
63.7,17.9,64.8,1,29,6.8,6.3,30.0,Alto
65.8,15.1,66.2,1,3,4.6,1.0,33.7,Moderado
60.6,14.6,59.7,1,4,7.3,0.82,24.8,Bajo
68.7,11.9,48.4,0,233,8.0,37.39,23.6,Alto
60.4,11.1,46.3,0,54,5.3,13.84,21.2,Moderado
65.2,17.8,45.4,0,49,5.6,14.18,19.3,Moderado
66.9,18.3,63.0,1,12,7.9,1.77,29.2,Moderado
65.5,14.7,63.5,1,7,6.0,1.59,40.0,Moderado
63.7,18.3,64.3,1,7,5.9,1.57,29.8,Moderado
67.1,15.0,33.9,0,56,6.5,13.52,31.3,Alto
69.6,13.9,34.1,0,5,5.4,1.67,18.8,Bajo
52.2,14.5,62.9,1,41,5.9,10.73,26.7,Alto
62.8,14.7,48.4,0,5,6.5,1.16,18.7,Bajo
65.6,14.1,59.7,1,10,6.8,1.69,31.6,Moderado
63.1,14.3,45.6,0,10,7.5,1.57,30.4,Moderado
59.1,13.5,34.6,0,16,6.5,2.93,29.0,Moderado
61.8,10.7,68.7,1,34,6.0,8.97,35.8,Alto
